# ABMS : MySQL database backup
#
# Generated: Wednesday 16. October 2024
# Hostname: localhost
# Database: capstone
# --------------------------------------------------------


#
# Delete any existing table `announcements`
#

DROP TABLE IF EXISTS `announcements`;


#
# Table structure of table `announcements`
#



CREATE TABLE `announcements` (
  `id` int(10) unsigned NOT NULL AUTO_INCREMENT,
  `title` varchar(100) NOT NULL,
  `content` text NOT NULL,
  `thumbnail` varchar(100) DEFAULT NULL,
  `created_at` timestamp NULL DEFAULT current_timestamp(),
  `updated_at` timestamp NULL DEFAULT NULL ON UPDATE current_timestamp(),
  `deleted_at` timestamp NULL DEFAULT NULL,
  PRIMARY KEY (`id`)
) ENGINE=InnoDB AUTO_INCREMENT=43 DEFAULT CHARSET=utf8mb4;

INSERT INTO announcements VALUES("42","BARANGAY POBLACION, CORDOVA ANNOUNCEMENT","Notice","2024100710043517283098756703ea733cb72.png","2024-10-07 22:04:35","","");



#
# Delete any existing table `certificate_requests`
#

DROP TABLE IF EXISTS `certificate_requests`;


#
# Table structure of table `certificate_requests`
#



CREATE TABLE `certificate_requests` (
  `id` int(10) unsigned NOT NULL AUTO_INCREMENT,
  `resident_id` int(10) unsigned NOT NULL,
  `payment_id` int(10) unsigned DEFAULT NULL,
  `certificate_id` int(10) unsigned NOT NULL,
  `status` enum('resolved','rejected','pending') NOT NULL DEFAULT 'pending',
  `memo` varchar(100) DEFAULT NULL,
  `data` longtext CHARACTER SET utf8mb4 COLLATE utf8mb4_bin DEFAULT NULL CHECK (json_valid(`data`)),
  `url` varchar(100) DEFAULT NULL,
  `created_at` timestamp NULL DEFAULT current_timestamp(),
  `updated_at` timestamp NULL DEFAULT NULL ON UPDATE current_timestamp(),
  `deleted_at` timestamp NULL DEFAULT NULL,
  PRIMARY KEY (`id`),
  KEY `resident_id` (`resident_id`),
  KEY `payment_id` (`payment_id`),
  KEY `certificate_id` (`certificate_id`),
  CONSTRAINT `certificate_requests_ibfk_1` FOREIGN KEY (`resident_id`) REFERENCES `residents` (`id`),
  CONSTRAINT `certificate_requests_ibfk_2` FOREIGN KEY (`payment_id`) REFERENCES `payments` (`id`),
  CONSTRAINT `certificate_requests_ibfk_3` FOREIGN KEY (`certificate_id`) REFERENCES `certificates` (`id`)
) ENGINE=InnoDB AUTO_INCREMENT=17 DEFAULT CHARSET=utf8mb4;

INSERT INTO certificate_requests VALUES("5","9","17","5","resolved","Quas minima vitae do","{"name": "Addison Lawrence", "nature": "Eius temporibus dese", "owner_1": "Cumque quis reiciend", "owner_2": "Earum sit in volupta"}","generate_business_permit.php?id=9&request_id=5","2022-06-03 22:34:05","2022-06-03 23:31:50","");
INSERT INTO certificate_requests VALUES("6","9","","5","pending","Quas minima vitae do","{"name": "Addison Lawrence", "nature": "Eius temporibus dese", "owner_1": "Cumque quis reiciend", "owner_2": "Earum sit in volupta"}","generate_business_permit.php?id=9&request_id=6","2022-06-03 22:34:09","2022-06-03 22:34:09","");
INSERT INTO certificate_requests VALUES("7","9","","5","pending","Quas minima vitae do","{"name": "Addison Lawrence", "nature": "Eius temporibus dese", "owner_1": "Cumque quis reiciend", "owner_2": "Earum sit in volupta"}","generate_business_permit.php?id=9&request_id=7","2022-06-03 22:34:12","2022-06-03 22:34:12","");
INSERT INTO certificate_requests VALUES("8","9","","5","pending","123","{"name": "123", "nature": "123123", "owner_1": "12312", "owner_2": "3123"}","generate_business_permit.php?id=9&request_id=8","2022-06-03 22:39:12","2022-06-03 22:39:12","");
INSERT INTO certificate_requests VALUES("11","9","","6","pending","123","{"location": "buri", "material": "123", "quantity": "123"}","generate_cuttingpermit.php?id=9&request_id=11","2022-06-03 23:29:54","2022-06-04 00:42:29","");
INSERT INTO certificate_requests VALUES("12","9","","6","pending","123","{"location": "3asdf asdf asdf asdf", "material": "fdsfwre asdf", "quantity": "12312 asdf asdf "}","generate_cuttingpermit.php?id=9&request_id=12","2022-06-04 00:48:22","2022-06-04 00:48:22","");
INSERT INTO certificate_requests VALUES("13","14","","4","pending","For Employment","{}","generate_indi_cert.php?id=14&request_id=13","2024-10-04 18:37:51","2024-10-04 18:37:51","");
INSERT INTO certificate_requests VALUES("14","14","19","5","resolved","Negosyo","{"name":"Computer Shop","owner_1":"Welmark","owner_2":"jenny","nature":"Local"}","generate_business_permit.php?id=14&request_id=14","2024-10-04 18:41:08","2024-10-09 11:48:22","");
INSERT INTO certificate_requests VALUES("15","13","18","4","resolved","Certificate of Indigency Payment","","","2024-10-04 22:08:13","","");
INSERT INTO certificate_requests VALUES("16","14","","2","pending","dfdfdad","{}","generate_cuttingpermit.php?id=14&request_id=16","2024-10-16 13:32:12","2024-10-16 13:32:12","");



#
# Delete any existing table `certificates`
#

DROP TABLE IF EXISTS `certificates`;


#
# Table structure of table `certificates`
#



CREATE TABLE `certificates` (
  `id` int(10) unsigned NOT NULL AUTO_INCREMENT,
  `name` varchar(100) DEFAULT NULL,
  `url` varchar(100) NOT NULL,
  PRIMARY KEY (`id`)
) ENGINE=InnoDB AUTO_INCREMENT=7 DEFAULT CHARSET=utf8mb4;

INSERT INTO certificates VALUES("1","Barangay Certificate","generate_brgy_cert.php");
INSERT INTO certificates VALUES("2","Cutting Permit","generate_cuttingpermit.php");
INSERT INTO certificates VALUES("3","4ps Certification","generate_fpscert.php");
INSERT INTO certificates VALUES("4","Certificate of Indigency","generate_indi_cert.php");
INSERT INTO certificates VALUES("5","Business Clearance","generate_business_permit.php");
INSERT INTO certificates VALUES("6","Cutting Permit","generate_cuttingpermit.php");



#
# Delete any existing table `payments`
#

DROP TABLE IF EXISTS `payments`;


#
# Table structure of table `payments`
#



CREATE TABLE `payments` (
  `id` int(10) unsigned NOT NULL AUTO_INCREMENT,
  `user_id` int(10) unsigned NOT NULL,
  `resident_id` int(10) unsigned DEFAULT NULL,
  `details` varchar(100) DEFAULT NULL,
  `amount` decimal(10,2) NOT NULL,
  `mode` enum('online','cash') NOT NULL,
  `created_at` timestamp NULL DEFAULT current_timestamp(),
  `updated_at` timestamp NULL DEFAULT NULL ON UPDATE current_timestamp(),
  `deleted_at` timestamp NULL DEFAULT NULL,
  PRIMARY KEY (`id`),
  KEY `user_id` (`user_id`),
  KEY `resident_id` (`resident_id`),
  CONSTRAINT `payments_ibfk_1` FOREIGN KEY (`user_id`) REFERENCES `users` (`id`),
  CONSTRAINT `payments_ibfk_2` FOREIGN KEY (`resident_id`) REFERENCES `residents` (`id`)
) ENGINE=InnoDB AUTO_INCREMENT=20 DEFAULT CHARSET=utf8mb4;

INSERT INTO payments VALUES("6","11","1","Barangay Clearance Payment","200.00","online","2022-05-22 17:35:30","","");
INSERT INTO payments VALUES("7","11","1","Certificate of Indigency Payment","200.00","online","2022-05-22 17:52:50","","");
INSERT INTO payments VALUES("8","11","1","Certificate of Indigency Payment","2.00","online","2022-05-22 17:53:39","","");
INSERT INTO payments VALUES("9","11","6","Business Permit Payment","2.00","online","2022-05-22 18:23:47","","");
INSERT INTO payments VALUES("10","11","2","4PS Certification Payment","21.00","online","2022-05-22 18:34:12","","");
INSERT INTO payments VALUES("11","11","13","Barangay Clearance Payment","12.00","online","2022-05-22 20:56:10","","");
INSERT INTO payments VALUES("12","11","13","Barangay Clearance Payment","12.00","online","2022-05-22 20:56:26","","");
INSERT INTO payments VALUES("13","11","13","Barangay Clearance Payment","12.00","online","2022-05-22 20:56:36","","");
INSERT INTO payments VALUES("14","11","1","Cutting Permit Payment","123.00","online","2022-05-22 21:04:13","","");
INSERT INTO payments VALUES("15","11","9","Barangay Clearance Payment","222.00","online","2022-05-24 23:38:50","","");
INSERT INTO payments VALUES("16","11","9","Barangay Clearance Payment","12.00","online","2022-05-24 23:40:10","","");
INSERT INTO payments VALUES("17","11","9","Business Permit Payment","12312.00","online","2022-06-03 23:31:50","","");
INSERT INTO payments VALUES("18","11","13","Certificate of Indigency Payment","12.00","cash","2024-10-04 22:08:13","","");
INSERT INTO payments VALUES("19","106","14","Business Permit Payment","50.00","cash","2024-10-09 11:48:22","","");



#
# Delete any existing table `purok`
#

DROP TABLE IF EXISTS `purok`;


#
# Table structure of table `purok`
#



CREATE TABLE `purok` (
  `id` int(10) unsigned NOT NULL AUTO_INCREMENT,
  `name` varchar(255) DEFAULT NULL,
  `details` text DEFAULT NULL,
  PRIMARY KEY (`id`)
) ENGINE=InnoDB AUTO_INCREMENT=9 DEFAULT CHARSET=utf8mb4;

INSERT INTO purok VALUES("1","Purok 1","Puso");
INSERT INTO purok VALUES("2","Purok 2","Camolinas");
INSERT INTO purok VALUES("3","Purok 3","Housing");
INSERT INTO purok VALUES("4","Purok 4","Atabay");
INSERT INTO purok VALUES("5","Purok 5","Caumbay");
INSERT INTO purok VALUES("6","Purok 6","Kalan");
INSERT INTO purok VALUES("7","Purok 7","Kasadya");
INSERT INTO purok VALUES("8","Purok 8","Intramuros");



#
# Delete any existing table `residents`
#

DROP TABLE IF EXISTS `residents`;


#
# Table structure of table `residents`
#



CREATE TABLE `residents` (
  `id` int(10) unsigned NOT NULL AUTO_INCREMENT,
  `national_id` varchar(100) DEFAULT NULL,
  `account_id` int(10) unsigned NOT NULL,
  `citizenship` varchar(50) DEFAULT NULL,
  `picture` text CHARACTER SET utf8mb4 DEFAULT NULL,
  `firstname` varchar(50) CHARACTER SET utf8mb4 DEFAULT NULL,
  `middlename` varchar(50) CHARACTER SET utf8mb4 DEFAULT NULL,
  `lastname` varchar(50) CHARACTER SET utf8mb4 DEFAULT NULL,
  `alias` varchar(20) CHARACTER SET utf8mb4 DEFAULT NULL,
  `birthplace` varchar(80) CHARACTER SET utf8mb4 DEFAULT NULL,
  `birthdate` date DEFAULT NULL,
  `age` int(11) DEFAULT NULL,
  `civilstatus` varchar(20) CHARACTER SET utf8mb4 DEFAULT NULL,
  `gender` varchar(20) CHARACTER SET utf8mb4 DEFAULT NULL,
  `purok_id` int(10) unsigned NOT NULL,
  `voterstatus` varchar(20) CHARACTER SET utf8mb4 DEFAULT NULL,
  `identified_as` varchar(30) CHARACTER SET utf8mb4 DEFAULT NULL,
  `phone` varchar(50) CHARACTER SET utf8mb4 DEFAULT NULL,
  `email` varchar(50) CHARACTER SET utf8mb4 DEFAULT NULL,
  `occupation` varchar(100) DEFAULT NULL,
  `address` text CHARACTER SET utf8mb4 DEFAULT NULL,
  `resident_type` int(11) DEFAULT 1,
  `is_4ps` tinyint(1) DEFAULT 0,
  `is_pwd` tinyint(1) DEFAULT 0,
  `is_senior` tinyint(1) DEFAULT 0,
  `remarks` text DEFAULT NULL,
  `created_at` timestamp NULL DEFAULT current_timestamp(),
  `updated_at` timestamp NULL DEFAULT NULL ON UPDATE current_timestamp(),
  `deleted_at` timestamp NULL DEFAULT NULL,
  `purok` varchar(255) DEFAULT NULL,
  PRIMARY KEY (`id`),
  KEY `account_id` (`account_id`),
  KEY `purok_id` (`purok_id`),
  CONSTRAINT `residents_ibfk_1` FOREIGN KEY (`account_id`) REFERENCES `users` (`id`),
  CONSTRAINT `residents_ibfk_2` FOREIGN KEY (`purok_id`) REFERENCES `purok` (`id`)
) ENGINE=InnoDB AUTO_INCREMENT=17 DEFAULT CHARSET=latin1;

INSERT INTO residents VALUES("1","123456789","91","Filipino","","Mark","Suan","Degamo","Mark","Camolinas","2002-10-30","21","Single","Male","2","Yes","Positive","0923456712","mark@gmail.com","Student"," Cordova","1","0","0","0","","2022-05-18 16:36:50","2024-10-04 16:51:55","","");
INSERT INTO residents VALUES("12","123456789","102","Ut amet unde tempor","","levi","Man","Berdin","Mamaw","Kalan","2001-05-06","17","Single","Male","4","Yes","Unidentified","878","levi@gmail.com","Student"," Corporis optio sit ","1","0","0","0","","2022-05-22 19:01:16","2024-10-04 22:35:18","","");
INSERT INTO residents VALUES("14","987654321","104","Repellendus Ullamco","","Welmark","Centillas","Sevellita","Mac","Camolinas","1990-01-14","37","Single","Male","2","Yes","Unidentified","09505677046","welmark@gmail.com","Student"," Libero sit maiores ","1","0","1","0","","2022-05-29 18:48:11","2024-10-04 22:35:40","","");
INSERT INTO residents VALUES("16","12345678","107","Filipino","","123","123","123","123","123","2003-10-30","20","Single","Female","3","Yes","Negative","123","123@gmail.com","student","kasadya","1","0","1","0","","2024-10-09 00:19:32","","","");



#
# Delete any existing table `tbl_support`
#

DROP TABLE IF EXISTS `tbl_support`;


#
# Table structure of table `tbl_support`
#



CREATE TABLE `tbl_support` (
  `id` int(11) NOT NULL AUTO_INCREMENT,
  `name` varchar(50) DEFAULT NULL,
  `email` varchar(60) DEFAULT NULL,
  `number` varchar(20) DEFAULT NULL,
  `subject` varchar(100) DEFAULT NULL,
  `message` text DEFAULT NULL,
  `date` timestamp NULL DEFAULT current_timestamp(),
  PRIMARY KEY (`id`)
) ENGINE=InnoDB AUTO_INCREMENT=10 DEFAULT CHARSET=utf8mb4;




#
# Delete any existing table `tblblotter`
#

DROP TABLE IF EXISTS `tblblotter`;


#
# Table structure of table `tblblotter`
#



CREATE TABLE `tblblotter` (
  `id` int(11) NOT NULL AUTO_INCREMENT,
  `complainant` varchar(100) DEFAULT NULL,
  `respondent` varchar(100) DEFAULT NULL,
  `victim` varchar(100) DEFAULT NULL,
  `type` varchar(100) DEFAULT NULL,
  `location` varchar(100) DEFAULT NULL,
  `date` date DEFAULT NULL,
  `time` time DEFAULT NULL,
  `details` varchar(10000) DEFAULT NULL,
  `status` varchar(50) DEFAULT NULL,
  PRIMARY KEY (`id`)
) ENGINE=InnoDB AUTO_INCREMENT=30 DEFAULT CHARSET=latin1;

INSERT INTO tblblotter VALUES("28","mark","Bernie","welmark","Incident","Kalan","2024-10-04","00:00:00","Nanguha ug kwarta","Settled");
INSERT INTO tblblotter VALUES("29","mark","Bernie","welmark","Amicable","Looc","2024-10-07","23:25:00","SDAASASA","Scheduled");



#
# Delete any existing table `tblbrgy_info`
#

DROP TABLE IF EXISTS `tblbrgy_info`;


#
# Table structure of table `tblbrgy_info`
#



CREATE TABLE `tblbrgy_info` (
  `id` int(11) NOT NULL AUTO_INCREMENT,
  `province` varchar(100) DEFAULT NULL,
  `town` varchar(100) DEFAULT NULL,
  `brgy_name` varchar(50) DEFAULT NULL,
  `number` varchar(50) DEFAULT NULL,
  `text` text DEFAULT NULL,
  `image` varchar(200) DEFAULT NULL,
  `city_logo` varchar(100) DEFAULT NULL,
  `brgy_logo` varchar(100) DEFAULT NULL,
  PRIMARY KEY (`id`)
) ENGINE=InnoDB AUTO_INCREMENT=2 DEFAULT CHARSET=utf8mb4;

INSERT INTO tblbrgy_info VALUES("1","Cebu","Poblacion","Barangay Poblacion","2024-2025-2026","Location of Poblacion, Cordova, Cordova, Philippines
Poblacion is one of the Barangays of Cordova.
Cordova is in the Province of Cebu
The province of Cebu is in Region 7 –Central Visaya Region.
History of Poblacion, Cordova, Cebu, Philippines
Contribute your knowledge about the history of Poblacion

People of Poblacion, Cordova, Cebu, Philippines
Total Population of Poblacion

Elected Government Officials of Poblacion, Cordova, Cebu, Philippines
Republic Act No. 11462 Approved: 03 December 2015: That the barangay and sangguniang kabataan elections on the second Monday of May 2024 shall be postponed to December 5, 2024. The elected barangay officials as of May 14, 2024 will serve until December of 2024.","04102024142337BPC-Logo.jpg","04102024142337BPC-Logo.jpg","04102024142337BPC-Logo.jpg");



#
# Delete any existing table `tblchairmanship`
#

DROP TABLE IF EXISTS `tblchairmanship`;


#
# Table structure of table `tblchairmanship`
#



CREATE TABLE `tblchairmanship` (
  `id` int(11) NOT NULL AUTO_INCREMENT,
  `title` varchar(100) DEFAULT NULL,
  PRIMARY KEY (`id`)
) ENGINE=InnoDB AUTO_INCREMENT=12 DEFAULT CHARSET=utf8mb4;

INSERT INTO tblchairmanship VALUES("2","Presiding Officer");
INSERT INTO tblchairmanship VALUES("3","Committee on Appropriation");
INSERT INTO tblchairmanship VALUES("4","Committee on Peace & Order");
INSERT INTO tblchairmanship VALUES("5","Committee on Health");
INSERT INTO tblchairmanship VALUES("6","Committee on Education");
INSERT INTO tblchairmanship VALUES("7","Committee on Rules");
INSERT INTO tblchairmanship VALUES("8","Committee on Infrastructure ");
INSERT INTO tblchairmanship VALUES("9","Committee on Solid Waste");
INSERT INTO tblchairmanship VALUES("10","Committee on Sports");
INSERT INTO tblchairmanship VALUES("11","No Chairmanship");



#
# Delete any existing table `tbldocuments`
#

DROP TABLE IF EXISTS `tbldocuments`;


#
# Table structure of table `tbldocuments`
#



CREATE TABLE `tbldocuments` (
  `no` int(11) NOT NULL AUTO_INCREMENT,
  `name` varchar(50) DEFAULT NULL,
  `email` varchar(50) DEFAULT NULL,
  `number` int(11) DEFAULT NULL,
  `requested_documents` varchar(50) DEFAULT NULL,
  `purpose` varchar(50) DEFAULT NULL,
  `date` datetime DEFAULT NULL,
  PRIMARY KEY (`no`)
) ENGINE=InnoDB AUTO_INCREMENT=2 DEFAULT CHARSET=latin1;

INSERT INTO tbldocuments VALUES("1","amar","amar@gmail.com","910201645","certificate","school","2022-04-20 06:00:00");



#
# Delete any existing table `tblfpscert`
#

DROP TABLE IF EXISTS `tblfpscert`;


#
# Table structure of table `tblfpscert`
#



CREATE TABLE `tblfpscert` (
  `id` int(11) NOT NULL AUTO_INCREMENT,
  `name` varchar(50) DEFAULT NULL,
  `current_location` varchar(100) DEFAULT NULL,
  `applied` date DEFAULT NULL,
  PRIMARY KEY (`id`)
) ENGINE=InnoDB AUTO_INCREMENT=5 DEFAULT CHARSET=latin1;

INSERT INTO tblfpscert VALUES("1","RENATO R. ALMO","Metro Manila","2022-04-15");
INSERT INTO tblfpscert VALUES("2","Annie May Barrera","Manila","2022-04-18");
INSERT INTO tblfpscert VALUES("3","trytr","5454","2022-05-21");



#
# Delete any existing table `tblofficials`
#

DROP TABLE IF EXISTS `tblofficials`;


#
# Table structure of table `tblofficials`
#



CREATE TABLE `tblofficials` (
  `id` int(11) NOT NULL AUTO_INCREMENT,
  `name` varchar(50) DEFAULT NULL,
  `chairmanship` varchar(50) DEFAULT NULL,
  `position` varchar(50) DEFAULT NULL,
  `termstart` date DEFAULT NULL,
  `termend` date DEFAULT NULL,
  `status` varchar(20) DEFAULT NULL,
  PRIMARY KEY (`id`)
) ENGINE=InnoDB AUTO_INCREMENT=21 DEFAULT CHARSET=utf8mb4;

INSERT INTO tblofficials VALUES("1","Ritchell S. Basillote","2","4","2021-04-29","2024-05-01","Active");
INSERT INTO tblofficials VALUES("4","Bernie Empaces","3","7","2021-04-03","2024-04-24","Active");
INSERT INTO tblofficials VALUES("5","Alberto C. Almo","4","8","2021-04-03","2022-03-24","Active");
INSERT INTO tblofficials VALUES("6","ALLAN T. ANTONIO","5","9","2021-10-13","2022-10-26","Active");
INSERT INTO tblofficials VALUES("7","merlo t. quiton","6","10","2020-05-21","2021-04-03","Active");
INSERT INTO tblofficials VALUES("8","relando s. tungasm","7","11","2020-03-17","2021-04-03","Active");
INSERT INTO tblofficials VALUES("9","Bienvinido P. BUHALOG","8","12","2020-04-22","2021-04-03","Active");
INSERT INTO tblofficials VALUES("10","NELSON Q. ELOGORICO","9","13","2020-06-18","2021-04-03","Active");
INSERT INTO tblofficials VALUES("11","Levi Berdin","10","14","2020-07-08","2024-04-03","Active");
INSERT INTO tblofficials VALUES("12","AMY  ZARAGOSA","11","15","2020-07-08","2024-04-03","Active");
INSERT INTO tblofficials VALUES("13","JENNY CAHAYAGAN","11","16","2020-10-07","2024-04-03","Active");
INSERT INTO tblofficials VALUES("14","Ernie Jeash Villahermosa","5","","2022-05-18","2022-05-20","Active");
INSERT INTO tblofficials VALUES("15","Ernie Jeash Villahermosa","5","","2022-05-18","2022-05-20","Active");
INSERT INTO tblofficials VALUES("16","Ernie Jeash Villahermosa","5","","2022-05-18","2022-05-20","Active");
INSERT INTO tblofficials VALUES("17","Ernie Jeash Villahermosa","5","10","2022-05-18","2022-05-20","Active");
INSERT INTO tblofficials VALUES("18","Ernie Jeash Villahermosa","5","10","2022-05-18","2022-05-20","Active");
INSERT INTO tblofficials VALUES("19","Ernie Jeash Villahermosa","5","10","2022-05-18","2022-05-20","Active");
INSERT INTO tblofficials VALUES("20","Mark Anthony Degamo","4","14","2024-10-04","2028-10-04","Active");



#
# Delete any existing table `tblpermit`
#

DROP TABLE IF EXISTS `tblpermit`;


#
# Table structure of table `tblpermit`
#



CREATE TABLE `tblpermit` (
  `id` int(11) NOT NULL AUTO_INCREMENT,
  `name` varchar(80) DEFAULT NULL,
  `owner1` varchar(200) DEFAULT NULL,
  `owner2` varchar(80) DEFAULT NULL,
  `nature` varchar(220) DEFAULT NULL,
  `applied` date DEFAULT NULL,
  PRIMARY KEY (`id`)
) ENGINE=InnoDB AUTO_INCREMENT=9 DEFAULT CHARSET=utf8mb4;




#
# Delete any existing table `tblposition`
#

DROP TABLE IF EXISTS `tblposition`;


#
# Table structure of table `tblposition`
#



CREATE TABLE `tblposition` (
  `id` int(11) NOT NULL AUTO_INCREMENT,
  `position` varchar(50) DEFAULT NULL,
  `order` int(11) DEFAULT NULL,
  PRIMARY KEY (`id`)
) ENGINE=InnoDB AUTO_INCREMENT=17 DEFAULT CHARSET=utf8mb4;

INSERT INTO tblposition VALUES("4","Barangay Captain","1");
INSERT INTO tblposition VALUES("7","Barangay Kagawad","2");
INSERT INTO tblposition VALUES("14","SK Chairman","9");
INSERT INTO tblposition VALUES("15","Secretary","10");
INSERT INTO tblposition VALUES("16","Treasurer","11");



#
# Delete any existing table `tblprecinct`
#

DROP TABLE IF EXISTS `tblprecinct`;


#
# Table structure of table `tblprecinct`
#



CREATE TABLE `tblprecinct` (
  `id` int(11) NOT NULL AUTO_INCREMENT,
  `precinct` varchar(100) DEFAULT NULL,
  `details` text DEFAULT NULL,
  PRIMARY KEY (`id`)
) ENGINE=InnoDB AUTO_INCREMENT=2 DEFAULT CHARSET=utf8mb4;

INSERT INTO tblprecinct VALUES("1","0987666666","DSWD Contact");



#
# Delete any existing table `tblrequest`
#

DROP TABLE IF EXISTS `tblrequest`;


#
# Table structure of table `tblrequest`
#



CREATE TABLE `tblrequest` (
  `id` int(11) NOT NULL AUTO_INCREMENT,
  `name` varchar(50) DEFAULT NULL,
  `pcs` int(11) DEFAULT NULL,
  `type` varchar(50) DEFAULT NULL,
  `location` varchar(50) DEFAULT NULL,
  `applied` date DEFAULT NULL,
  PRIMARY KEY (`id`)
) ENGINE=InnoDB AUTO_INCREMENT=5 DEFAULT CHARSET=latin1;




#
# Delete any existing table `users`
#

DROP TABLE IF EXISTS `users`;


#
# Table structure of table `users`
#



CREATE TABLE `users` (
  `id` int(10) unsigned NOT NULL AUTO_INCREMENT,
  `username` varchar(50) NOT NULL,
  `password` varchar(100) NOT NULL,
  `user_type` enum('administrator','staff','user') NOT NULL,
  `avatar` text DEFAULT NULL,
  `created_at` timestamp NOT NULL DEFAULT current_timestamp(),
  PRIMARY KEY (`id`)
) ENGINE=InnoDB AUTO_INCREMENT=109 DEFAULT CHARSET=utf8mb4;

INSERT INTO users VALUES("11","admin","5b2d560b3f2640cadc2ff50ca64bdd936f77eb2d","administrator","data:image/jpeg;base64,/9j/4AAQSkZJRgABAQAAAQABAAD/4gHYSUNDX1BST0ZJTEUAAQEAAAHIAAAAAAQwAABtbnRyUkdCIFhZWiAH4AABAAEAAAAAAABhY3NwAAAAAAAAAAAAAAAAAAAAAAAAAAAAAAAAAAAAAQAA9tYAAQAAAADTLQAAAAAAAAAAAAAAAAAAAAAAAAAAAAAAAAAAAAAAAAAAAAAAAAAAAAAAAAAAAAAAAAAAAAlkZXNjAAAA8AAAACRyWFlaAAABFAAAABRnWFlaAAABKAAAABRiWFlaAAABPAAAABR3dHB0AAABUAAAABRyVFJDAAABZAAAAChnVFJDAAABZAAAAChiVFJDAAABZAAAAChjcHJ0AAABjAAAADxtbHVjAAAAAAAAAAEAAAAMZW5VUwAAAAgAAAAcAHMAUgBHAEJYWVogAAAAAAAAb6IAADj1AAADkFhZWiAAAAAAAABimQAAt4UAABjaWFlaIAAAAAAAACSgAAAPhAAAts9YWVogAAAAAAAA9tYAAQAAAADTLXBhcmEAAAAAAAQAAAACZmYAAPKnAAANWQAAE9AAAApbAAAAAAAAAABtbHVjAAAAAAAAAAEAAAAMZW5VUwAAACAAAAAcAEcAbwBvAGcAbABlACAASQBuAGMALgAgADIAMAAxADb/2wBDAAMCAgMCAgMDAwMEAwMEBQgFBQQEBQoHBwYIDAoMDAsKCwsNDhIQDQ4RDgsLEBYQERMUFRUVDA8XGBYUGBIUFRT/2wBDAQMEBAUEBQkFBQkUDQsNFBQUFBQUFBQUFBQUFBQUFBQUFBQUFBQUFBQUFBQUFBQUFBQUFBQUFBQUFBQUFBQUFBT/wAARCAD6AVYDASIAAhEBAxEB/8QAHQAAAgICAwEAAAAAAAAAAAAABQYEBwMIAAECCf/EAEYQAAEDAwIEBAMGBAQEBAYDAAECAwQABREGIQcSMUETIlFhCHGBFCMykaGxFULB0TNS4fAJFiRiQ3KC8RclU5KywlRjk//EABsBAAIDAQEBAAAAAAAAAAAAAAMEAQIFAAYH/8QALREAAgICAgICAQQBBAMBAAAAAAECEQMhEjEEQSJREwUyYXEUI4GRoUJS0fD/2gAMAwEAAhEDEQA/ANDGVo1RYi0opMhvcZ237GhemLgbbPVDe2bUeXBHQ1FgSHLDdQF/hzgjO2Kn6rgg+HcGPwrAKiPX1per+IWqZivMN2wXpElg8qCfESpPz3qwr2Eap0xHu8fzPMJw4gb5T3/I0psqGp7CUKwX2k7euamcMNQi3XBdql/4L4KMK6ZParq6IaCFtab1Dp963+UutDnYJ6+4pZ0/PMC4hpeU74weuaLyfF0PqxaUpK4yl8yM90n/AHig18DZvrrsdJDbyudAPv1/XNVaVHLsY50Yx5bclBwpKshXrW6/DDw+OHw/3LTz6g/IhMkt8+5Axtj9a0witIkQ0uSHASkeYe9XH8OnFhnhxqLMkOm1voKHUs9TnuAatjk09A8quNiHwturug9fyLXMHK24ssOIWD67Gj3FazL05qmFeIicNLUlZUNsEH+1FPij0lHsGroOrLYtK4FwAfy31So7jPpWDUt+b1Xw5F4fYW0sI8MoyClRGxUPSjyXy/sqm5JNl2cXtNp4pfDnFvzDZflwWfGBQnfyjcflmlD4T7+jUOn7npuVhTfIVcihk4x2pg+FDVl91ZoO6aRtymHJCm3C03JCSnk5cHr88VTnBaXJ4Z8UbnBuqxbn4y3GHW1nZKk9j7f3qzXx/orx20wtw3eb4W/ETCQ/9xCVMLawTgchVj9quT4+dJKhv6R1SwkFslUZS0DPTzJz9M1QvGTU7epNbNXe32t5lhkIHjqSQFqBzke1bH8RZVz44/D1bZrNv5Horbbisg8y1NjCj7EjeiRqyrukxy1bJN4+EzTywlC0zEHxXB1Skd/zTSV8CdvRdbjeratpDoCFKAX06bfsfzpV4I6tkawhHQ7LTs6LKaUhCFZCGCOu/YUx/D1qyPwF41Xm1/ZHrg8hstlvA3I2VjJ9elUcbtUTddk3irpIaV4222UtzDhfCFNAYSN8DfvtWyfxF8N4rfAmfPaWZM99hpJ83kbCgCcAd+2T61rL8S3FBV/17CmmxSI8l8odCEf+GRgYJxuds4q2tYceWdQ8Jrhbm40tJhR0KfWsZQvcEJT6mrcFaBpyroVPhOYauNsfhOALUznGU9N/9amXuxtwNfiKW0jzrSEhI96FfCHfosTUjciaowLe+4ta1uJOEpKcAHHfOPzqwuID8KTxUZmR3Uot5dB8dYwlWfQ/v86F+P20EbYQ1/oxpfB7TlwTGbQtq4KbWrlAJBJ/tQWPplgcd7M2Y6C2/GbUApIxuDvVp3FyJf8AgPcYzCvtSossOpcaSSj8ac+bp0JobNsqI/HXQiykAPW+Ms43znP9v1o34l9A1Kr2VLctKxm9P6z5orKzGkDwyUDKfvMbfSrA4RaNtdy0lbG58BhttanHftL7KQgADHU9f9aJaq0qhqycTUtgIRGkpKQB1y9Vi8C7CzcOGNgExCJDKHJGULAxynIwfqM0N4o8Xotzetmk+idOQp/xBSGpMVkwmX1hTakgt9D2O3WonxK6at9hsOmVw4jMd2Q84VFhsJKhnGDgdKsvgnZo94+Ie/NOsJU02JLnIrcYSlVAfi4t3hz9D21ACQqOXckdCV4BqHjVrRZSb9lhDhfp2Hwes82RZIKnWrE7JcfLKOZa8HBJxnP96o34LeHNv17xYcN1gtXG3sJUpTLqQpPsSD26VtRxajTtP/DrIXMSluQxYmmMsfh36Z+earH/AIbVjCrjqe6KAyloNAjsSoH+lRwjbdHXLj2a/fHrb7ZaOPTlm05bo9qjtNNIWzDbCElWBk4G3er+4rcK9LcNvgmiTp+noB1JKaZKJwaHjJUs84PN1/Anp71rfxtdPED4u5zOS6HLqGQBvnCsD9q2d/4l99TYuF+k9NMq5UnmdKR6ISltP/5KqfxxjDotyla2am/CXoO3681W4b7ERNgtZV4boJBx2/Wq54zNwDxbuVvsEZESAmWWWmG/wgc2MDPyrYT4T2EaW0Fer48OUhlSgfkkn+grXvSMU6s4wtvOJLrRkqeczv0yd/rigOEbWi8Zytuw3xc0nadH6YiKjMeHOWQkrDhOTjfakvTljRJtK5MxJVlJVkqxgUz/ABEXNc/UUa3NKC22sAAHvQi9uL0/o0tFHKpSOUKz6jfaluKq2E5y+yurapy7ajREaWUsrdCRt0Tn+1MPEiBC083EaipKJDo5lbk4HvWbgzZEzL49Od3ZjNk5P+Y/6ZoPrOcdS6zW21unnDaAPTpROC1RLdvsY9F6RjXDTT90uoUUISopAONvWkGD4t0vYixRyoWvAHfHzq0+IUtOldGNWxCwlTqQjkHUJ7/rShw1tYYZlXN5I2BShR/XFdwjZylKrYO1uxHsIabj5U+r8QUdse9RLPFD1ofnzlFplGcBG31ofeHl6l1MUpzhS+VPXYZonreYi2WdFuZ/mAB9gKjiqJttiuxOduNyQxHHMlSsAnrj3opdoqIsliMwSt9zsew7mvGj4aIEZdwdA38qc7Y9alQIi7k87cXQQ4onwx/lArpKMTnKTfYUjoYisJCj4YGwztXKXr3dkzJADPN4SegTXKBTfsLf2ebnHTcYYcRjxkjbHpXvTdwTOYct0k5SRhOevyrBaJCkOfZFnKhnlJHUelRbpGNumpksHCSc59DTdA6JVrkOaevSmnf8InCvdPrUjUkY264NXGMcNrIVkdlVhuITebeiUgguoHm+lSbNMF4tq4L/AJloG3riouyrHK7sK1zoxi5RkJXLi55wk747jH60sxHGLlYnOcYmRSCDncprrQl3XYLu7b5C1Bp08uO2e1ertG/5a1P4nL/0bxKgk9Ck9R+tEr4kK09eyXZbiiUQw8oBQ3ScbGmeOoPyoyW0lCAdyKRZaBp+7AhIcjOAONHPY+/tTkw+J1r+1QHSlaRkozuNqDVMu6o2M4hWN/W3w8xj9ijIlwBzJcZJ5lpTt5hnr0qn+DMV3Wem75p9yWluR4RVHZcGxOMHf8qt/wCGrW7OqrPK09cFhSXW1IIVtvvt+VUiq2u8LeNDsRwKZjoknHUAtqOxFMLcf6FldtDj8LmoZmh+L8eBJUqO6VGOtDgwUKzgg/Winxa6XXpzjFCvq2ilm8JS+4UjALiCAr8xg/Wlvia2vSmu7dqeEorafWnmUDn7wf3H7VsB8S9hRxP4DWrWFvAddtvJIeKTkpQoBK8/I4P0osd/7kS7TFjV2mEXTSDE9KfHti4oKHEdW9tgfrirv+BJm6674T6itcdyMpDbgZWh45WgHIJTse2arLgCsa34GzIJyt6M2pvB64xRr/h/6he0hxfvWlS+I4mJVyJWrAJG4zUwXxf2VfbQb+FS02LRPxWav0zPjHkeW4mEScBBVgn884pb+IvSr3DL4jyqMfARPISHVDP48HIz7mjHGmyT+GHxoWi4qCWRcnGnEuoX5VBSsEn0wMdaZvjfiXa83vS+oZ1uRCitNgMSG/Mp8hWdwM49qZlGLl/aKKT9jT8R/C6Np/hLY7vDUqXOYDa5EtWPvApGxx6U1/CvomycRNCyJNwjNOqRhGEpGAsjBUfXoetO18sSdf8Aw3tFA8Q/wxKgep8o64+VJnwJTyzp7UFpVgLadCvcYJH/AO1L8VxsvexS4S6TbvPEW8WF6UiOzaniWW/C5i4nm2GBj2onxB4fuwuLUFd2ecYto5DFjtnkbWnYKKh6k5zWPh1IOm/iplxVK5UvuLaye++KtT4l7WXHbNPTnmbygEdsHP8AWpa+WiE9DXKskS38KtQxojYEdYcWltIxj8O2PpShqKGWOJvCyQocpXCQ0R/5cH/9qtKYg/8Aw2leKEhZtq1Kx0z4ZOarTXMtKb5wllnzeflJ/wD8s/1pnC7X/wC+gM1TPOsLelu0cUjuQpKF4HTPNzU28ABzcMLUSBut0j38x60u8QPubBxNWR5PBRkZ6nbFGuAcwo4W2Tm/mD5GOwCiapPcP+Dl2as8B7kxA45aomPbc7cltJCSfMrIHQe9DviwV9s4xaFt6UgBqDGSQexUsmmn4coYXrjXU4EKSll1A27rXj86UfiFxO+KSzRVJOGExGyB2ISNvzqF+5BKVMv340JCLNwAmpyUqcXGYGO+AT+W1IvwCpbsPCjUd1WQgHmc378gJ/rWP/iBaiMfh3b7claiHZRKtv8AKgY/egXA26jSvwt32QV8i1Q3MYOOoxQn0zuL1RrXwKZGt/i2jSnElxBuSpBKvQKzVgf8TLWH8c4g2y1NKJRDZQ2ED1OVH/8AIflSj8ENucuXGCVdc4DXOsqIzjr/AHFAfiOmnX3xIyonP4jLDx5yTuQn/wBsVSb0kGivlbGlmb/yT8NspxZ8NUlAaTk4JBOP2BqqPhwYzc7zPcA8NLQQCRncnPX5CmH4iNUNtaPtljjEBkKHkSc7AYobw8QdL8JpdydRyKlJWoK9f5U/saVlLjbRZJ0IEycvUHE+Q7jmbbdK+ZW+AKAcWtQJmTmoLOOVrJUM96PcOgH13CY4gAlWSv55zVcyIguusltNKLgdkcoPfGar20i63ss3S5RpThtJmLSA7ISSOxOdgP6/WlDhfaVXfUxnODKGTznPc74otxRuyYNpgWho8v8AOfcDYCpGlSNI6KkTHE4ddSV5UcYyNqlPtkLrYr8TLorUGrFxmVFxprDaQnff/wB6KaoDGkdKtRWlFLroAx1ztvQLQcFV61I5Nd86WiVkn1J2/v8ASouvboq+6i+yMZ8NpQaAB6nvVX6TLVujHoyKGkO3F3HKnIB7+9K98mvahvai2QQVcqc+mabNRyk2SwsxkjzKBTyk/maBaZYLDTs11ALY2Ht/varf0d/YUnN+JHh25gb/AInSnskUQu8hFstyGGzyuLTypA25U+tSLBbuSJKuMvCQrzE9AEjoBS/LfXcZhUfMo4Ccb7elAb5ugiXEhwoMiY6pMZourxzEJ9PWuVsBw00IdO2vxpbCftslIWQSPKnsmuUF5Yp1R3GT6NbES1T0hafK835hy0RiTW7mwqO6fvCMEK659aB/ZJTNzUgILSwrBQe1SJoU2S6ByPoPnGevvTjpaOZKtstVtmKjvY5SeU56fOu5CVWW5pkNbtqPNgeh7VyU43ebaH0KSJTQ8w6cwrLbHmrxbXWFnD6RsT39KttFSffowlxmbjGGCACcelHgP+ctLEg/9dEBXjudqWNLXZCFO2+SoFCtgCds1OsV0RpDVSUKWDEewk9wAalN9Iq06MbbouunHGXCPtEJXM2e5Seopg4YSUzpRt7iuQuHCF+h9PrQDVH2axapUWnEuQpA5yls9ArqKyfaI+l7wy9HdC4rwDiCDkoNQ1y6Ji1Q+WC8zuGPEJt0JKGy4CtIOxGafuPjDGo4sDU8cKDzfKlxfZSNuX6iq913dmtU6PgX4KS1Ojr8J0p25hnY0zadvQvGgixMWl+Mtopyo4UgD9x+tXTaqyrV7HjUtoi604KpubHKZEFCXFEdVBPX64NOXAG7wdbcILzpSat1MlsKShwHfkPbHSqp+G7WEX7ZcNKXRxK4ckKQ2VHyqztt896k8Kr8xw74xXCwmWhyMp1ccOhYUkjPlyflijRdKkDkr0ywvhD1EdN6uvWlJuE86lt8p23BIP8Av3qXfUu8LviNtl0YUptmQ8MqSPU4P0pC1/cE8N+PFrurLqEpmqS4tKVepwc1a/xLNRplitGo25DKVJCXWXAvHNuMge9ETXK17B/yyyPjWj/a42lNWNuKeejPJStwnJIIBH6gU/8AFZ1PEX4crXc0OeM7DQHEpO/UdqqHi1ry1aj+GGFOmTGI6yw2Gy4sAqdTuAB1J2pl+GvW0PWXw+SIEh5ASy0tvDigMcoODvV7aipfRXStGxXwoaiGq+B/8PkOc7rCFx1fIggUkfCyBZeLuqLVnkSorIT09T/SlD4NNZR7Ze9QWFuU26wklaFpWCCPX9Ky6M1/Y7b8UktFuu0SWlwqS79neSoIPcHB2qv/ALJHatEzi3GXpr4kos1nyhbqV56dd/61eXHa5ok6Xtj6seGvzknsTy1rt8RfEvTqOJUOcbxDUYnJ4/K+nLZB/m32qr/is+O/TsvRkGwaFkpuM8t8r00f4bG38ueqtvlXRjJtHSeqR9C275Bm8OeZUlkB22EDmcAyfDxiqP1tqqMvSXDa5eIl5UWS4laEqHMMKSQPnhNfHW+8W9X3txpyVqC4P+EOVsGQoBI9gDUV7jBq9xDDStSXNbUc8zSDJXytn1AzRYvHFUpf9EvHN9n2r13qVq5WHiIG1BIfjt7E5wRy5/aucINXtWrhXFStZSG4kte5zvyqP7ivkBaPiv4k2qDMif8AMb8xiWgIfTMQl4rT6cyhn9atPhp8dl709bEWi/W5qbb+RaPEZBQ4kKBz3wfy9qo6apSsji09o3p+FSbEfOpGpCw0uXObbK1D+UKKsfMnFU1xu1Vy/FA/PioVMW3MSQ23ueUK5QQP99KDfDhx403cI023puTDFxlSkusNuOcqlewB713o7V9sl/ENfXJsxhp9D+GkuOJBUobgDPXeqybciVSHj45L+q7MWSGo8ryEF9ac9FE4x+VQ7hqGPp34QXPvQJk5oISj/Knr1+hqtviv1Q1/znAivvJayhIUpatgTjrWHj5f4tq4FW2Iw8h1DhQErbUCCMdsfOg8tBKVoP8AwVT4GmtL6lvkp0peGUtI7qwnJwapO0Sl6m48zpTqvK4pS14OcA4pi4Ha2tMXhVeGkTWRMZSta2SsBYBGAcVWnBjVFvc1ZdJsuY0w64olAdXgkZJ2zUTdslKrJ3Ha8fxXVrcOOjCGlBltIH0x88mmjjJORpTh7brKyQApKUco74HX96q13UkHUHGKIHn224RmhRdcUOUY3xn3IAozxt1G3dtXQrel1K22gBzE7DNLtWkgnujzCfNg0M46vyqU2VH5npSfwvg/a7zImrTzJYTzA/8AcT/70T4n3Zm3aeiQ23QfEAyAQdv95qHpW8RbFoWZJLyDJdzlKVeYdgP610fbRatAu9ynNV62DYOUBzwx7JBotxQvXJFiWpolOACodNug/rQLhvNjqu8qY+8kKSgkcxGcdzQuXdm9R60S444kMl3A51YHKOgz71NeiHoerUWtIaHdeWkJlPp5gSN8noPoKStJtGROdnv7hO4Ud9+9S+I1++1z2bc0sciAOYA7A1gkXGPZ9NKjoR98sYBB79zVWr2cvoBX+a5e70W0HKArkQPXfrTGxFExUe1Mj7psBbx9QO31pb0w0lbsiY4R92D1ON/95/OniwBNrtD01/d57zAHv/lFRKXBUi8VbMmq31t23wI5+6CgHPcnoKbeDPD9clf8eujaBHRvGQofiP8Am+VYOHul067gFMkFLLL5L6gNzjCsfM5FW9qK623R+mlreKWYzCAEtpGCo9kgVnZMrjcF2FS0gNrPW8HS/gCSsBxw4CUjJwM74rlaya01lK1Ve3pbjnXZKOoQOwFcqI+O2thOaWgpqvH25D0VsuvFOTydxSZPW5NkF1eQVbcuOmKYLPcjJIYeWUPNEFKs4PyrxdrYtTJeGwKjhQ9fWtCLaF2LqGuXIAxntisjURSckZTnbbaprDiZLZaWnDo9sb+tTLdIS5zxHkgFQwFeh9qvs7QMbtLoKVoSc9jisy7JJcHPjJHcmpsB8wZiosjdCjjKv3qTBkix3jldBcjr9dxiq/L7JtL0A/sSgTzkk1kRF51BPceuaaJyRYryxcG0hUZ0hRT1A9f71M1I2iBcIt1jNpVEk45kgbA9x9f71ZWyLSF1q3yZTYjpV4iCchBO2anp07dkxw2Crw8bI59vyojcS1Z58afGAdhvkL5SNge6abNTREXSxN3a3qUkpHOQk9u42qG53plk4PtCRC0/c426UlOPRRBH1rx/CpESSHUPKZkp83Mc82fXNWrHdb1joVQZATcGW+o2VkdN/fFZNDtNat0Lc7YttCbm0klDuPPkbjfr7V0XN+yG4/RVn2J26TA+/dEKlZ/xJKlZ/MijNwt92vrLDc/ULMppgYZbckKWEA+gPSnvhJbrXf4862z4yXJbe6VKAJ9+voaNcFkW60auutknWtqW6kqCC8hKlDHpkfKr3NW0zrg6VFQ3C1XWTGbiO3JqXHYz4TRf50o+Q6CvVjevqI6rW1OeZguKwtjxlJbJ7ZSOtbDaXjWHS3Fd5u4WyO3bpI5UtyY6SlPpgEY+oqdfYunLdxotcqNEgy7bJSEOMIaSW0q3BJTjGaunOuyjcPaKl0vpS/WdD5hajjWhDwKHOWWpsrHocDpQTWqJHDBTBgXSO9PlJJTJt7pPIM774G9bb8SLXa2b7Y59shQ0NeMhtxlhpISQe5CR8+vtWqPxX8QbZrHiM4xbIzDEO3NfZeZhoIC19VbAdicfSug8rknKWizlCqjHbKqm3uZcSsyZDjylKKlFaiSSepPrQtSxyEkZHzqGZBCcAnl9qxFalYAOx7GjSk5O2wVV0TkOJIHmPzNe0+VQ6HvvUNBII2/IVlUpwkkj5YqpejMFgHmOMD0rwXQ6o8pIGetRVFYGAhQ98Vj5lpGTkGus4ItyX4ZSptakqBylaDgivQvkxMvx/tDheJ5vEUolWfXND0yVk77jPesjgDiRtv2FSpNdMhpP0WfpO33bikXi/c0OPxEjP2x9RJHbHWjz/C+9uMBhdwjqZBz4XjKIH0xVZcP9RPaY1RBlpVhCXAlwHcFBO9bCcQLo6/q+1wIrykeNylZQcAgken1pPIsvK4vsNGUEqcSs3eGF1jBYbdY5Tt5FKGf0oQ/w/uMfJPhpSDjO/wDarj4y3H+GQoTMRRjuOKwfDPKSPp8v1qJqt5q06Ha//mKSlPORlRVj1oS/JXZNx+im16NfzsuPkeq96xz9LTAfEekNOHoFFzJq4LPHj2zhk9NmMofkPJUoOOjmUPTrSxpuNGZsEmdLaQ6okrSFpB2q9TXsq3G+hAe0zMfbb5nEOBI2yvOKiqsLwSQVJAGxAXTTohn+I3l950c0ZtJVyH8OT02rC2j+L6r8NkFMcrJ5U9MA1Py+zrX0KbtlW0ElKmwcY2XUVdsU2snKfc81OGp/DkX1MSKhKAkhJCANzU3WbUa2wIsFploSFpBKggc2O2/qalOXZz4/RXDwCnCoryr1zmsS1KWOQq27DrTjKjog25giN4qUg87xGylnoPpWKwwmCy7Kko58+RtJGQTU32Q9ASwW8yri2hSPuknmUPWn6LbpGpLzHtMBsqUpfKM7hPqT8hQxmGLSEpaTzvudMDJyegFbBcKtDDS1qEmSjmukpHMs/wD009eX9s0rmzKCsvGN6QbsNliaF0itlsoQGAVuOq25ld1H/fpWtfFniXJ1fciwyoiGyeVCQevqoj1NWtrbVTWsr05puG9yx2WyuStH/i4wOUH0BV+fyqhJ9jEeU+ASShZBz1O9LePG588nYSSpaD2huHqb5DVNuCFttq2bSDgq965Vo6aIe0/b3E48zKQSN9wNx+dcpieaSk0gUaoqrUullx2ft8TIcTutAH617sc5m6Q/s8jAVjGT1zVhGKlLQTnmHQ5FVzqmxuWGf9tig+Ao7pH8pqmPJzSTDzgo7QCvdudt8jOPOk5B/wAwqOtX2hoOtn7xO5z1ps8Vq/QUgEeKBsTuQaU32F2+UrI8ucLT6U5F3pir0SX1i6xEqG77Y+RIr02//FbeGVYL7W4JqKSqI8Hm/wAGdwK7kfcvomsbpUfNjtV7R39ha3TDcoKoD6vOjZJPap1jmfa7fJskvyqGS2T2oDIPKtufH2B/EE9qkynQtLVxjHlWn8Y71yZzXomwJLku3S7S/s82SpnI35h2pn4d3RxyLIgLRzDHmSrttg7UqXEl5DF4i7K2DoHrWdyWYMuPdYnlQ6fOE9lVZpNEJDlYLmrTGqFMIIEV3+Ttg/2oxYJjeleJicKKYM7zDm7BWdvoaVtQOidb2rnHAS4gBW361MvKzf8ATka4NLCZMUc2RtkDrUJq6RIzXmGvh5xDi3BpYMOcrxAlB6ZOFA+nrRDVEg6Z4jW6+R1crEwJKlDudh+2KWr9cFas0THlglT8LCld+mxqVNuCNUcP2VoJVLiDm3G+U9f0oltg0vstLX0tb6rXfGEBx5paXCE7nl70f4rzje9GQL7FAbkRFodKkHBA6HOPeq205qJWoNGJzu80gtlSvUD/ANqK6av7l+0NKtjyvMgKaWP83pULTVk1qh24na9kRODn8YgS1Q5PgJIcad5FE46bH1rRCTJW+4txaitxaipSickknerV4i6xkO6FhWZcgp8N8hxsK6pHQH5HFVvZbG9fJRbZSVAbqV6VKqMSYxcnSI8O1SJ60oYQVEnoKcYXC2c6ylxwpGT09KfNG6RatzbewUv+ZZFWLCtSXkDY4G24pKfku6ijew/p8XG5lKMcPXo4SjkC19BjHrTBbOGHOoKkNc2B+HH9auyFpuOzyultsqVtkjcUZj2prOeQcqfUVHOclQwvFxR7KNe4dRGkhSoSMDpkUDvPD+A40T9nS0vGxRtV/XSA0UZ5QDnOwpKvdvTnCQE7UCUpR9jH+PjcejXW+6Oct2VtEKSO1Lqj4S/6HtV63q0pdSoEb96q6/6ZeZWpbaCQDnb0pvFmvTMbyfG4O4oBw4q5chpppOVqWAN9t6vexl2br6EH1BxyKynnOcgEJ9frVIaYuItuoIS3RhKHklWRvjNXLouamRqO5zyMg7DJ6D/YpqTZlVZM4kzP4trS3Q8FSEEcxG+Bn/SovEi4fbZUC2t5PQ8vz2FDW5arrr2RIBPIwCRn8v6/pXdv5r3r5JP3iGSVb9MAUBekXaaDfEGcYWm7fa0pSElKU4Hfp/v60qaluEi1WdEBbAbCkgJUDufWieoLgLxrRhCjhmPuce3+xS1rO4G7XxqM2coQQkD51Vq6OS9kmzuKsOk5Uo7PyTyo33A6f3rHppz+GW6Xc1JCl7oRnb/e/wC1RtUSgt2FbmTlDYG3bPQVj1DI+zwoluazuAVBI6mrPfRFEjRkYS7qubJHiISScn17moN0fVery/MJPhBXKg53x0H6Ubeda05pZMdJSqdLTg+qE53P16VCuWnXbTYmpzjiW2iAoAHdSj2rpUiYrYP1PL+1y4doiErZZwCrGOZR6nH1/eiEBgSHG0oHLEiDAONirv8A3pes5c8RySpJLy1crfzPen/SNrYm3CHaXXCEvZW4R+JQG5/OqyfCJ1cpWNHC3RRvVy/jU5s/ZmVYitqGAo/5vlRvjFxL/wCUoT1tgPgzn04cI/8ADGO3uaK6v1XE0NYEFlpKZHh4YZT0TgdSOwFa0OKn631ApJUp591fMtxX6k1lQi/Jyc5ftQ5L/TX8jJwcEuZrQyDzrbLSkuLI2GegP1FZNUWt4aqmxWWy46t88qEj1OasjROnmtMxmWmEhZSrmWoDzLPrT7C0fbrTJmapuCUrluNczEdQyVFKcbD323p+K/LkXFCrl+OLv2QeG+i4+m9IQntSOqbD/N4DbQypQzkn5Dp8zXKs7R3DOXf0yLvfHUMyZHKEl1JS0hA2ShAPyVn5CuVuLxYVtmU88k9GvK/wgnr70Nu0VEi3uIcTzIO3mqfFlCQz5t8Haouo3EMWp5Y28pIx615KN2keitU7KpgE22S84kkspVuD6Zorfbf9vgCc2kKJTlQH8wr1YbQi6NyEqyAsHf0rq2yHLTKVbJeeQq+6JHXr+hrTb3rsUqxQS8WB4SgVMq79a9sLERxTTuCy537Ux39KLa7zBKORR7ihVwlxbhGbSoJSUnqiip2U4mCO8IclTK/NHd6Z7CskF8QZiozhBYc2zmsDzTDzSEF38PQk713KaZcDSfF8yNuapX8ketBW3Optsx2C+eeK+Ns+9ZYXLFlv2t/dl7dtR/Qih70czWW0qkoSpH4VE4OKkTGw+iOS+jxW+i0nfFXUkRxYRsM1TRkW2Tgp/lBolpycY0iTbHj5F5KAemDQF1lMqSy+JKUvpGCR3qbJR9pmNSEOpStvrjG9UtF0mFtMTDbLnMtrisNO55ebofSpWlJJtN3l2x5RLThIAPcdqEr5blc2ZIdEZbIGTjPNRaba/tFzYmofCXEpGU8vXfrXfkXsn8bfQT0bNNovM+1kYbUSUAn8v0oxpa4m06glxCCEPjKU+hoN/CHpV7j3APJZUhISpIGyqKzLSt25MTkPBC0AdBnJrnkiSsU2roqjio0W9WSGkqwknxAPnvTnw+sQg25CijCnRzKUevypZ4ktF3V0dS8FSmk/hHTcirN0wyEW1gnoEDY/KqZ5XFJD3hQqbb9B+3N+GMDYdKaLYpA5Qc470txLhF8UNOOtjHUlWKcNPLts1QAlsrXn8IWMmk1ik9o9DHJCqsLwzzpHKnYHrR6SwpmEDy+HnbOetFbPb4ZaBS1zqx1AyDRRyS04FJ+zhaQMYxT0MVdgpyRW8x4kKSUZz69BSldmELWpWQM96beIut41ht5Ee3ocdJxjpv8AL86pWRqbUV7fcQxATjvhJAH1qJeO37By8iENUG5kBstLwQrbB2pZn20OMOJxuQcAV5L1+gulUhghOd0jJH7VPYd+3AFacKO3Ke1AeJwewE8ikiiL3BMK4Z5eXCyMVZ2h3xHssqQolIOd/pSlxKhGLdk4H4t6Y7Xb5KNMhhK2+d1GR5+mablJcU2zAkvlSPOmZquW5TlbFxR67/761O0K+pj+J3IHKkoKck+pz/SokWwzYtmWwktKWoHcK2H6V7ixZFt049E5kLecUSopO3pQ+ca7JeOT7Rjtcgqdn3FahlRIBNF+F/BzVXEm7mbBtziYxypMl88jZPTYnr9M0d4L6Akaz1LFtYiGc2yy/MfaSDuhppThJ9vKM1alt4n3XSEp6PADZjHyhs9E/L0ocpuOoomGKUk31RXZ+G+ZHva3bheo/wBoQ4QWmmyoDt1JHT5UG1HwZXZbqiSu4pkICgQnw+UY7DrTPd9QXWdPfnF1xt5SuYhJx1OcbUaant6ltSA68lUsHk5FnBB9aEnm7sJwx/ZTt60hOul8EscioiAAltJ8wA7Y+dKeo40xh5qK6l/lUsqSHc4Az2q2r625YJKWy7zKO5+VZtI2WPxC1TDtUxK/AcCgpxobp2OD+eKLFy7fRDxqviVpZmEpHjqTysNDlRn9TR6JLa09qCDcVcykhHNhPXBB/vUfX9sVpXUE2x8yVmK6W1LSNiAdv0qVeIBNstji2+RRYAIPbaolLm7ZRRp0Tp7j2qrNPuDqy4++2ttAJ/w0jICRUjRGjmrDCQFJ5pLpCnFn9h7Co2iEF22To2QooeIAPYED/WneE4m3WsSnvIhpOSVUBx4fFdFm77HXQGnYsmc+7MP3TCOcgnHyH1ojwQ0w7r7iXcdRXNgzbLDaeTHhqJ5FBIO3y/qaVuEF1Rry9WyxR3/CnXd51I3xjlSoj6AD8zW9XBbghG4bWUtPcj7ykeH0yAnv+fetzwowxQcn36MnyZNtRK3i6fumtUFZQ3aYUf7thtSDyBI6cu++25Ncq9p1nahuLU2lCio4AV0A9AK5R3mrpCjjs+Q1quimPunj5gdz0/OsusrggWVfJjKyEkZ+tALVfY10PI+PBkK/+01JuccTGEx15wFZBHQGsBwTkmb/ACfGiXpKP/8ALy5gAnHQb71zVGn/AOKR+dvH2hvdB/pRiywxGtqW0nm37VIkJBIyBnGaXlJqdxDRjcaKrQ4q4ufZZgKXWQR5up/1oLPt7kR4qQco7JPenvVliU/idFATJRuoDbmFAWiLvDUCnleHXPY07CVqwLhsVXUKXko/COxO4rwlrLfiA9Ow7VLlsLhPqJG+cKHvWJK0tuc4H3S9inFGsEdKZUlsOJ3T0Ne3I5aDaubLa+/pWZpHgrKFZLLnQ1kb8Fh1UeSo+HzdtyK4ijyI6o7qU8+ErGyqkNMu+Opor5VAZznY0w2yx2WfbB495+zLTugLaJz7bU13zgzc27Gi7WaQ1emmdnHIvUpxseU+bP0qdF0n0V1BbfffU2HVNqG/m71NZMh0raCil5vfmB61gdV4TjUhKik7JUmszz3gSWpKcBKhg4qv9lro6irnuJcW2+oqQdxzb1LZm3VxhTzchWB1APSsTD6YtxUd/DdGKyxHQxNeZ/kXkpFS19o5N+gTdH5D8yFIkr5yo4Cs9s1cMIPuwmo8YkOrSACB0GOtVDcmuRspxuyvmHrirp0KDJtrMob/AHQyaFkXTHfEdyaZni8PWX+YzXXFqO2EkjNSG9CR7M8iQ2HkBG4UaiHV1xlLnm2xw6IqFLK3DscDOEjqTWLR2r7xrG5JiuyojLH2dTilBCgEKH8qs+u3TPWmIfka0NSeKLV9ls6L1U7ACW/FK0+hp3uGpguzO+GyW1LSRz5qpbPEdYQl5QKFc2CnfzD1HtVjT3EjSgAGFFX9KostN2aMYJxKtvbyp83wseIrPVQ2r3bkQYqFF6Wlt7GccwSKItWNUy3SltKR9pXsVqOMJ9vekbW2gHbqxAXbI7SX46FofEh0kOE/zbb59qmL5O5MWy3BXFWFV3+G86UFxLqScc2xqM5FaZkhaB16ADrSe1op+JChxSgomtqy48hRHNk9PlTwzEUzFQFr5nkDGT3peTSdXZVcpxpqimuKy1P39KRkpQhIH9aHv6gmsNoJSlIwADy4p9v+mGrhqVTj6T4QQk79f97Vi1/p1lFttc1DaU+fwzyowCMZ3+WP1onJaRlvDOnkQhvakn+TBACh0AxUZy6T1ucq0kLVuE71n50uXcDAKUA4B6Zrtl9T0558KwEDAqdfQtbNgfgc1JdbZxnfksNFwx7RLUsqXhLaVICPMD1yVBOPVQqzuKPDJenLwxPaQlFuuKVONpJ/ArO6P1BHz9qq74LrDJu2rtQXc85isRkMqUnO6lOJWB8sNGtpeKrP2+TZLK+FEMjxykJwQOXHX3I/ShZpOM4pfQWEFKLv2KHBz4f2tZ2+ZqC6IX/C4q/DZjp2+0uAZIJ/ypBGfUn51K4pW1l/T8hpuIiEiOMthtITgD0x8q2s0vbI2ktGWe1tIDTbUJLoyN1LcHOpX5k1qJxj1K/cdRSoKQPszSgjpjOM0lObnLReqNdL7bFuPh6SpTyCOUH09qNaH1PG00JP2S3JRKX5TKUskgdgBRDUbCHoDqhyggUppgrTb3HmlFKh3Pfp/emYzbhRVxTaYCegf8xcQJ0yTzGO0sOKJ351YG355NF9VDngw3CMDmUP9K92JpZK8pypRyrl7mi8m2/a1tsPICkN/eZJ6H0pZyfPiEca7AujrQ7BMqQ5gIk8pCe4xn96HcStWJiWc23PnUoHA6Yo5qbUbGnLb4ziwVq2Q2OqjVJTZkrUlyceUC44o5OMnlFMRTnK30LN8S8vgdiSLl8R2mX0JUWmFOqUrGQnLKwPl1r66pRytgYz2zXz7/4fOkG7PdDcZXKH5CyW0FO6EJSfMT7n9q33fvIdBahoL6txzj8CfrWxjnzgkvRj5dztkK9Ro8kgPjKc5AzjeuUCuSGbhJIkqXLfQMKbaJCEfl3rlFoHyo+UutOFKJrq5VrCY0gZJbxhC/l6Gq/g3eTAlKt9xZc8RBwcjzJ9M+1bKSQExlEKT86pZ5kT9Yy31NglKlDOOuNv6VgY5uS+Xo3XFXoxxrj9kxyHnQrzA5ow1KRJbCgogjfFId4h3XTM9bzrZdhuEqCkfh37e1GbRc2ZiC6yvcAczZPmFTOKatEwbi69Ba7L8OK4cZ26nvSNOQ7HaD7CQQ2SpYHcd6bbm8t2Kps5CjsMbihsdn7pYUnY/WuhcVZdvlpC5NjIu8YPtYJI3T+4oG7apUcLC2VBsDOfQUcltLsk3nQCYzmxT6VjuTzryR4aitKhjAGdqZUrWgM0BYUd6apMdO+Dnm9BTLE0ujlA8LnUdyo75NDNMtpTKfWoHkSACMb5zVk2FUVSNlZIGMK2qkpO6Q5ghFq32Jj1nEQhK2gEjtVp8ENVt6a1E0JTpdhvYbcQ4dgk/tShqN2Ot/DfMogeYJGwofZJott0YkkKKG1BRB9KpJNqi9RW/Yc+IDTsXTvEm6M27CrTKV9oiuJG2FbkZ6ZByKrhtfixVtH8aTtWwPHJ/TesuH1m1FbuVqawstzUpyApRACVEdjsfTNa+ZhKc50yfDVjBApqKqMbM+W5OjsvF2MlefOk7+oqS9IJSxIHUbKrygWxtKuaRnmzkDNZ44tZT4SnylrPc5IqbslLQ96O0tEvVkmyJDCXlrV4XiEnyDGcgDvv+lWBoS0m3WdMFIDgQop5/bNL3BxyBLYulsZkFZWEK5s4PLnB/erC09Dbt0+RG7JUQD7dqUyNt0bXjQioKRkj8PPGkF5tCRnrg4pktWhmoaAGY7TXc8iMfU002VKVsgAJAxTCYLcK3PyXiAltClYHyomNSfQ+oRW2V1OtaW3ghRHMBnOaNTmEL0yEA5KT1HYYpacVcLjMW6GihtZ8g9qY5sGVFsB8RPKFHBANCp7G1HSANpjJbSkJOMkDr+lHU2FhxOXmgQTjpSk3BuTYVJjg+G2rqemetWfpa8QtU2RsONpams4bdSnuQOo+Yo2OFoHljx20J0+wQW2z4TKCo7nyikm825EdalcqatrUcJEMZSObbr2qq9USEpISOp7Zobi09gXxURcdtbVyvEBtXlQfKrsaO6g4ZSdXablwbdKisGC6l8rlFYHLgjblSon8QoTbJCnr0lrxPCbS3zqc/wAo3/0q09CzLfH0jdZ8uSUPlKubCSpIYUA1nA3J5lZqmWOSUH+L938gvHUG0sibT7o0+1ppGRw71LOtVzlxn5rQSVGOVFPmAV/MkdiKXUqbVE8NDiQ6snO9PvHCc1edczJjjgR4zTSsKGFbICf6VXT4jrKUl0AD/KetG8dyljj+Tv2Yvm44Ys844/2+jeXg3rK2/D9wdtdstVs/ieqbzi4zZso4YYJH3SEJG6iEkE7gZUetYUcR7zqO9vXS6S/tElzGTygJQkZ2SB0G5qq7FqNjV+jLStp0KehNJivNg7p5RgEj3AB/OidtuBj4A7DFCaeSTk+ymowTj0b6aY4k27VWh4d0Q6lx+FC+zyEr25VtJ9PdODWkusdYi86ilO8xA5yn0BA2rFada3TS8h5cB/LTwIdYWcoX8xSNNccdnPOpTyBZJCc9M0D8clLR3SJmo7sVshtsk83UCltq5SJMVUdtxKQFYUkdfnU99otjLhyVbHNAVRnX7q0YfMXubzBA6jvTMMbjH+SHLi1Qx2+eLTB5V+aU4cJHp70UXLUhtotgLfeBwknAUAO5oVG05dFuht2E4qU+A4ykjHMCDjc7Dp3rvhlw01PrLVP8RlBESFGWWHELWOZI5TslPp0396Vk0k5NkSleysJlmv2tdQLC2lYBJUQcoaQD+1M1rs0a0gtNp2AwV43UfU1sfruwWnQeglW+ChtD7wCXHEjKlHbmyfrVDBs/aSlJyk4AqkMsssG0qS/7APuzbb4IoiZV3kfaSHGkp8JCPYgqP9K3RuEBp5lDQKmWkHJQ2cA1p78GUNcWcCpOOZ9eVY7BoY/eturvcXWGwmMUKfJ/CrcgeuBWx4r/ANPRlZdzZGdYYipAQ2kDPTpXKQtVXd62SkCQ25JUtIVgqwE9cYHTsa5TDnFPbJj4+Wa5RjaNC744qPBUodUgkelVFp8OyZj7pJK1qxk+53qztcSiza5Lg/yFIxtv0pG0fCwylzGVLWT9AP8AWsBS+DZtxW6Jj0jzLiy2UltQxzKTlJHvSbfdEOwXVTLOvl7lnmwPp/Y1ZZjokB0qRnsaGvW5cYnwlczY/wDDV2+VUxzroI4p6K6teoTO/wClmIDDqTjJ2yf6VPWktuEHypzsam36yQZNwbdU0nxMec7g/WloXly13Ncaay4lrOG1K647H3FORkpLQNxceyZNjtzUFC08yT60EhwTDU4kq8ROOhH4aPPKHJ4rZ521dMHbFQ0siS4pDX+Irb61dKuir36JESzqkRyphIZcUkBSh1Jyd6yWu3yrS4XJDhcOThJOcCpFsdestxVEfcDqeUKThOPpWa5T0qkZEoMqKcFPLmq27ocxxjSZFe03JvR8Rh5SMnfCsYo9pPR7U2Q7ClvYUG1EK67/AOz+lQ7FckQUL5X0u8w6CvTV6kIluoiAl95Kmk4HTPWrN6oK4pWyXoy3sKtVwgTeeRFWCrwlEcpUmu27PppHNzWlvcgDyDap7OnJ9os77pUEuBGQk749c1n/AOVFXPwm475YdIClKUnnHbttQJNtttgnGCpQWyIuz6TXkotSEHHTwk/1rD/ANOKR5bY3zHqS2KY2eE18LHjuXENoxlKjGzzfrUdGgLtuBdWyrOMfZ9v3qnNL/wAiyg7/AGnWj49ptFzQqIwiO6schcCAM/UfSm6XJ/h12adZXzNuJHN/5h1pWa0DekK+7uTOQeqo3f8AOpy7VdrK9G/ictmU2slKPDb5CD77miRnFvuxiDcfi0W/p655ZbUFA9OtN91urb+mZTRA8R1BQk9cbdapyyznoMhDKs8ihlJzRC+av+yuhhbhQlKRlR/CPrTKyOK0aEdq2YGr5eWJiGWmwQgjIUnI+hFM9z14ybV9nmIbZWnJKu5pDj6kadkFSZQSnOOYHAqJf79BWpDTUcy5B/EsI5gPme9TF36GFFy3FhCJq65XptyNbWyYKVErd5gCD9d6ZtHXRGnXilS/vnfxqzsaQZt7aaSl2LHcjrCQCpI5SfpQm2aiuF4uxiNR1KO5U6DjlHrV266Bz+H7y8dS3kPM5LhUOXOBVV3J8SZjhPQDZOaNfbZLVtbMkgqGwV60vyXUiK66rqo7ZoV7sXybVICrvsG03hDUrxHDJTyhDQ3wOo9s5qx4fGiw27T12t0fT4/6qIGA4ptCi2sFJBGTkdDULhhwzY4gzSXm0KCS751IGU8rRWAD77Cli5aMj22apLkUxlPqwhsAZ67Hb1oEPPjjk8XC2JS8aeSUXGfEq3VMe2axnuT3XHlPAeESTy4wfT60EOi7T4eQt/I3/F1/StxuGfwe2viToV6/K1Am0yBIUwmIW0BKsBJJyTnPm9O1Vfrv4cLxpbVFxtUaVEfTFQHG1PuBpTySAfKPz9BtS8vKxYJrE5Vq6f8A9AeReTNJNJv+EVNpH7JpCep+M6+WljDja1ApUPy6irKYmx50ZMmM5zFXY9vYikO5aUkW2U5GfmRUSWzhbeVHBxnGQCO4rBBjXC3uKUxLjJ2yR4hwfoRR1kUvkpAUnFUkO5kO82AFHJ6YonbNNXC7vDwoy9zjJHembhTebfcVp8S0MzHm0AuKW4eUKwSo7p/CAMmrAuHFzTulUONNxGHFnJ8VGPKR6jY1b/IV00D4JaJ+j+FMKZaWW7ja2pLxHmcUjcHHrSJxJ1PZNJ3ZjR+i7XDcuspYal3BKQUsDO6QrqogbnfG3zobq74iZsyzrSh5UK2SeZCXYgKFqGwwSTtg+hqv40yPHvkW2fw8vvPLLqZRUSUgjOTgdDn1xQ55HN76K8Euh7ttgutwss+dPvDMddrAbhfZxlTygfxKz1G4wB71ZHCexybdouVLkKU/ImpW+txSQCFDyjp8s1SomP3QzYkl1phtnAb82T+/7VtDpWEq2cMbW28OR/7A2peRjqAfp1rPzyfFL7YORSXHqQuNOtsMJ+78Mqz67/6VV9khru2oYkRn/GefShI9KtPju0tyRbFkYByMk+9KfBmCiTxJtilo5koeWd/ZBNauSVYgF0rNs/hxg/w26y2DkeG6tI36nwxVhWW5z4uq23blICGMqbHMQnnJJAAHrmkLhih83K6pjqLb6n3EoV6K8MAH9qd7ZpZT9yajXCW2JrIS+ptB5lqIPXJ3xmh+FOTgv7L4uEVNyJGrrjbLvcgrw5EhbaeQpj74wT1/M/nXKNQocdVxmMJQAGOUKGycqUOb9iPzrlbFJif5pw0pHzG4gTy5bAnxPK4vlCM+m9RtMlEeK0FAghOc9QKE63fS/cGWR8yPemCxRwYbZV5juAPYVgz1BGqu7CaCOQqz1rG8rY5O56mvRASgAK71HkkpyMDPqDSzVMLG3tCrdCVS3BjO4HWoV1gM3Jjw5TQPZJz0/tUhaw5OUFEnzkgA9amqSHDgIBPb1ppaqiO0V09Hm6bcAQTIiq/lG5G9MGkY/wDELs0UtqSFKBUkj604K4cXWdEEgtoitDzZfOM/Qb0i32//APIk11mO40/cEJKSWzlKD77e9aHCco3Qq5RUqsH671SljVzoYA5WFeGrB2yOtEGYyLkhMtjw1lY8xUrFVe+85NkLdWSt5xXMok7k5p5hxXmYDCo6l/hAUBvv8qmUFBILhnbdhtEMWwKX5A6euDtTZwrVEd1Mh2SAsIBAycDJ229+tV2liTJV94pxQz1OwqyuEPD+464uEyBZ+Ry4NNiQhtasc3KRkDuTjOAOtBkuWhtSp2+h81TLQqNNTzANEcvMdtjUrRENtVykeLhfK0cD6ioGubLItELwpjJQ44tOFg7K83UflRHh4S7ImOuIJCBypyfelZRlFU0dGcZStFjLnomxhHbaIaT1HvQKbBahJcUEKwD1PSicRxqKpS+cEK3wTvXLiW7qsshxIQrBUcZpZr0MJ07BVrjNynA4pZ5s5UnGRUHiDCT/AA+MBy+JzlSVd9h/rTlDtMWK0ytp3Cht5xgUA4jw0sm3AHmK/EOAcjYJ/vUwVM5yQkRZgkw2l7FaPei9wiQrtDaU6jKSkhQ69qwXLSEy22qPdITDjsJxHM8hIyUeqh7ftQ+xXJuQ6GgrYYODT/JNaHMUkyAvQ7ttf8WM2h1rrynqBTBaryxb2C27BQlXqRgZppghDoIU2QOX8XrTJp+1W1SEtltJCcnCqbxtt7HVPhFpFT3W2S748pbbJYZWcZQD/Wplj08zYEFISFuK/ErqT9asvUio0MmO0lAHUJSdhSTPfS0HF7I7jeuyd0Cc+StgTUc8ZbbAHISenpShqC8ttttNeKhpKiElajgDfrmsmpLw2OfmVn09aq7UdwXcVhtRwnO29LL6FpOzbrhJdWrHoHUNxEf7Q205HLIbcCVOJVztLx6gc4zgelCZF5uM2I7/APJkJYU3htWTnISeXPtnGfatWtN3O4Wq4peiS347rO6HGXClQ+RBpy/+K2qGwplVwWpkDlSFAKJHXuOvvVcU44267Y6/06UoRnV19n0H+F99D/Ce5MyILjjzkh4uBhgEJPKnlwo9SOuM1RXxNWv7JqGzTbeVLQ8wWHi0Tz5CicqOACSFHv8Ay/Klrgt8T170TpgwmLZDlRQ+pxwucwcJIGdwcDYDtUPizxYgcRrdbloguW+6RX1OLPPlopUNwkAZ6hPX3rO/UoyyZoTxq1VPev8AgwZ4smPyJN/ZVGrG0sXtI8NSCthCsFJB/Dj+lLbqOdWANzTPf5rt1lRlhwOltoNAEY5QCdv1z9aXiqZBuCAI4WkDIcPmAPpii4VLgtbLz1tl28KrVHsmir5MlpWlxUZSU8mOZYxukemTjPqAKC6Z0YX42oTHgtXJQd5UPvqP3xCjkpT88Gk1riJcm7MLWtTbbSVZUoJ3UAchJ+tRtJak1TZ5MifbGZSmuYur5UkoCuuRV/xydiMsiXZbC+D7KmI9ovUqOy3blqcfCQOQIwVAjOOpwMYpYuGttKQES5LKXZ89oIZSnPK22ATzFIG5zt22qq9Uakus+6ynJMmU266OZ1C3Mkk7nbHfNLEVKlR1qZadUScBKOvvV44ZS2wcsiT0i3Z3GmzvSbfEjQENMtKK+QJ5ieY78yts1uPPk81hyRyj7K35ewJxXzy01pliTqaEiay41FWtIIaI5lEkbb9Otb4cUQ/F0+fsz4ZShoBYJAzgYH5Vn+coYuFP2B5ucqaK24+MhwWhSVeRZBHuT/sUqcG3WovEGK0rdwLcI2//AKzTDxfdUdNWALyotMtrUSN/wgVRt/1BN05do1ztkpyLIGeUoOOowT+RrUyVkxcYvspFWb7cJZ4evchWSoqnuIH/ANgq0Ienm4evpV2dk8632cNMZAIGAD336Vp58NvGmOi92C0TkOv3OVKUXJWRylxeQnI+WB862wujk1GuoU9P3kH7PyLUkg4Pm2x67iieFilDGuS9lFKpSSdWjNrXVDWk5rT64rjiZST52ikDbsc9TXKj6stTWplxPEUptEcLASojzFXLv9OX9TXK2YuCXyM/lL6PltdHBK1IMZUkEHenm1HDLOMDI9aRbbzTr3JcV0BJBHbtTkwtuMjGScJ6mvPZd/FG+tInvKJd3zg+lQpbuG3FdwDXtMklKBkEAc3SotzcSmI8e5HTvSyT9l9PYBhtFbvPjJ6ge9WjonRPhNouE1GF/wAjax+EHufehnDLTCZL4uEprLYz4SVjYkd/pT/d7iITa1pxyjYgfpW74vjqXzkKZstaQt62uqoljkIZV94ryZzsN+v5VqBqBQdustYd8TKySrPXerl4wXqRLYejtPqS3zcykoO2/QflVHqbUpZSO+1O5pekLxXsaeFOmRqbV9viKH3RcC3D/wBo3rYbVHBpSH1SrOU+Gs5UwrbB/wC00r/Dpo0xGn7w6nzqHIjIrYJlQUvwlHHce1TDFGcXyCc3CVo12f4d31TiWjAe5f8AtGc1YnCXSOptBapjXhlabYtnfnUQtR9MAH96sNZCVZU6kDPQpqUfvIxVzhWBj2qF4sFsu/Ik1RbTjPDbiLwuYsWp3FNanafcfj3RqKSoLWrmIcKSOZJJOfTOw2qrb3wnf4fMMF1ph+HJz4UuIvnbXjqM9Qd+hAO9QbfPcgA+C54Syd3R+ID2PatgOGfHW127hm9YNSWkzLQyVhLiuQpUtRyEhJGVKJOfbrtVc2FTVMrDI4s1zdQEON+U4BwB2qteI+vE6DnxkqkrbVI5lDkGc4x/etg+IemGIxbvtugS7VaZjqixCnbraAGQAr+ZOOh/961D456fuOrNSwGISB4bTaip1ZwkEkbZ+lYUcXDNxm9D7m5Y7h3YRRx+ZdaT4s+QlIOQOQmnTSeqTrSJKusi4kW+E0eV15PIlKiRkZOOwH6VQ0SxtaafVFVDjzpaFBRelI5mx7BB2I+YNEfGU+C3JcSlIJWhlhCW2UE9eRCQEj6CryWOL+Jr+L+n586Tk6RYWtuJl4YtxsVsu7jzDuUuLbwAlB/lSrGfnilnTV5dhOJ67KwRQZ2IGfAfGfMceY5rJbl/9UoBWE5wKquNWhzyfG/xpqH8F9WDUsWWwgLeIOPwg9aNovghgrad27HPSqNaW40AthSkHPY0Qi3WU6kIU8oDvR4TXsVc5JFnPahYW+px9wlZ3ABzt8qRNW6y53FoZycbgd6h+Et3zKcWpXYjahkyEA55gB7461acl6K3KgJLW7IC3XfxHf2FKFwWftmBt1p5uIAaUAQAkbAelINyB+2Kwdv1ocdvYOX8HqHNLZdUDlWMVMQ8ta2irqoAjescW3paYKynJUKmpiH7pWcYG2KHPino9Tg/LwXJ6HDREjEeYyOmxx+dEZSXFqKEowOu1COG8Zci6yGz+Hkz8yD0/WrO/gbYGeTehySMbyd5WISbMtzHMCVd6yLsis4wpOKfUWlIOMbn9KwyLVzKxjGPag2/Qs42V05aS24HFIS4lKgcK398Uc1TxJlN2JuLCgpiNJTh0MjA6enp7UVlWwAlI9ehoDcYAAXt3watyTrkJ5MMXuOmU/cdQSJshxa3FLWequ9TLHcAxb5jyklTiUAgg/h3GaPP8P1XCcv7A2nmWkqLWcb+1QtF2Zq66f1Yp5YbcjQVFtJ683MNh+X707JJY7iZKi1lUZErRWqos3U9ki8q1vvTGWx9Vgf1rcTXWjGHrsXplxmSEKB5WSQeU9evpXzws9xfsl1iToy+WTGdS80rGcKScg7+4rcTgzeLjxAszOqL7KcfZYfU2WQ4VFSkgHO5wBkjb2rK/UML4xnH0U5fLZ61neVaoDYDTjDbLZQG1J84Cdtx9KpXWDsZUblDnMpJyMjG1M+ueKotet5gLClMeIpCChWD+fTvShepYlwHJMhkEuHxAonKsEVOBZZqLrRDqPbMXCvU78PiXpVYc5EIuccq+XiJzX0u1jfJkGaGWngw1yNONJbT5lkkggn6V8q9LthnVdseT5FJltqHfHnG9fVDU2rotidbD0Vcl4tJUlWAE9enN12zmvUOKjhj62KY23n6vRC4h2K8XPUUZ22uFKTEAdUtwhAIUcAY6HzfpXKHa41nerai1P2SOw8iYwXfDWCpzbGT16DmSPrXKYhCUlaQrK+R8/dLoIQ85jmUpQGTTG4S6pKcAUJtbDcZJQyTy5J9TRNtXlzzDmT0B2NeayW3aNpMkeIcqPMNsDpRPT2nl6iuRL4KIbWCs4/EfSlGbfG4GQs8zhOQjPX6066P4rwnmkQJcdEIAcqVg+XPv6fOjeNjTncyckm4/EsdbzcEJjoCUIQgeGB29hSpqO6ErUkkHO3XY1LvV0bCfGQsKbKdt9qr2ZePtF1a82W+cA79BXpU4xWjMVyYl8T5rduUuEGlLeUAsr7b+v5UL4W6FRqe4uLeKORsbIJGST7Uc1zOhqejyVNckxx0gJXg5Gep+W1OOjHIGqFTTNgsKtMDytyuTCycb4UNx9DQlic/l6DTfB8fZbel7O3ZLSzDZCUpbTjYd6nXiYm0xjMXuhlJUrB7CqeseuGX7y5C07e32iVYbj3HmfbX/wCUk8w+hNOMzVUh23yYN7tCnWlpLa5FsV46BnrlH4x+Rpjhx0wPaswzJzd3djuXO4vwnpSFOx2GHy0hCO2cHc47mptmuM2Bd4duXcBOt81Ki0pWFOIKR0z3GO5qvYNvVe7iyY7CLoywgR0SYzwCktjoFpUcgjfNEnbg7p+d4gbYbuCE+GhDJ50sDGNz3Xjrjagzm4NuX7RnHBTiuP7i1LlcYNoI+1SkNJxkAnc/Sla68S2TIShoLkIZ2ZSThI96r58yrg6t2Q6t1xZyVKO9emICvFB5DtWPk8yTVQNTH4SW57Gm98SdQ6iSGn5SkMDGGW9k5x1PcmhEJwyHsuFTiz1Uomu4sY907e9EI0ELJ2A261mTm5O5GnjxqCpIrPVLWdQTOowRv9BQkEEFRGcHOM4orrN8QtQyWynmUDt+VAEqecUorWEpV2xjFFUWz1OLPDHjilthJ25mewUIa5EtkHBO9ZozakvZHXOaGW+G4h84Bx61Zb2nGpMVp9hIQ4tAJ99q5pQ0jL8yeTyGskyBBAWhAxynuev51JLSUOZOSdxmsMZhUdagoYIO4O1TCkrSD1NQmZrVkpl9oJAK8Co8nkeWCknHc4rAtjmPQ5rPGYygk5+YqbIrYBvSVKBQBn5UozLaVOElORkbke9WOLO7Ok8gTnf06UV1LwwuGnorL9xirjIVE+1MtOJ5VLSr8LhHoR0/OiRv0Vq2isCxzFCQewAAqU40Uo5em2cVGfSWX+cq+8HT/Spsa8jCA6gL3xzY7VSUGtpWezwZcTdSdBzh08mPqRoH8LgIJz6jIq5XWwlI9fQ1S1jkCJLadRsEKB9NqukOJdjtrG6VpCh3pdS5Gb+q+O8Mo5LtM8NtheNvyrK7FCgAaxMk83seu1EUpBQDnNdXo8/yfsBSrcTnCcUCuFqC0knOd9sU7ONhYOxI60LlwsgpG4/OucfSKXeysLhDciL5mlFJ/wAw2IpIssU2O5XdpZKmJEdSUkjOc/1FWxeYGObG/bFJNzYXGX4iDyqRv06j0q6twcBeUUprJXRRpRyurG+c9KsLQOqLhHhuWr7QpMFCVvJb5iElXfbvt+1JclspmOjGFcxyk/OiFsW5HeK2zyqKSk/I03OKnDjIymrlYVurSrxc47TWFOKXjbtThdNPrgQUNPuA5Qep7DpQTREQ/wAZU64g7NHBI75G9OPEAlLqVJwUlsA46Zo2CPBKKF8i2Vvb2nE3BCkYHhLzn1wa+oEy1R77bbdMmSw0w5DQkIUQnJICioE9+n5V8yY6g1MxnHMc5r6M25xVx0Zo51LCnyIjRKhvyjwR1+uPyrQlvH/uLQ1lTTokarc0rbk2w3ZwFtLHJGKCs+TbOeXbfA/KuUO1lpqdfbbZoqGo7iGGsu+K4UnnwkJwQD08351ymMcqivl/2AlXJnzvb1k/HRysICfLgle/1qJI1NcJmeaUvbsjAH6UEKQBggntjtXtJSgbbH2rL/Clsded+kTBOdLgW4srVnJKjk1NTKU8n7nBWR/mxvQPnSvPUe1el8hT5SoK9cVP40WWaSVD9ZNS3GXblwXz92g+VSj29KlxWuUqAVyHHNzDrVbNyHWj5VnPrUuBeZUF4PNvLCgfWpcJP2Ujl4u62TdZokTZ7ji1qJYShCcjAVkncU+/av4VoKNZEOiNJljHMTygk9Rn55rBb9epukRIdS2ZCBuCBv71md1yhRT4nItSSPxjOK0I+S0kq6FJzbkzxoS2/wAXujMKdFbizbSPLIY/mB3HMR1qLLN5d1rPiWW6yHCklbhWvyg+iR22xUx7iMLW26tgI8Re4CUgZ+ZxSxb9R3bUl7DTC24aXPM6qM2G1FI9VDf9atLy9NtF4KUmkkN0a2XRF1TJnTBKlhGOfw8KST/3daYIdnUpXM5zLJ3PN61MsttPI2VebOAVK3NOdutiClJxge9eezZXllfo9LgwrHH+RZYsTmxIx23qem1+EPw5PfPamlMUNjO2O+1duxEJTtv6+1LNMduhT/hykd8j0xWWPHUle22e1GJDQweUbZ6VHbaBzykHf0qUv4LplPa7t7T9/kOnZfMAdz6UCjsx1EnJOTgAnBpm1kyXLs+odfEI60qLgvh5DqUgqJxyD/f60WG+2etnjWGEJKF6Vh9mP5EqAwPlVuaesip2nYj6NsJ5T65BxVHsSJbr3IVkAHt0H+n71evCu5pVbH4KlElBC0k9wR/pU8F9iXlz/Lh5Ri1QMvmmilBcQncfjSO/vQuJbisg45R6Zq1ZcdLqe5x1BoA9pzmdK2O/brVuJgN+xMftRCVFP8nWo8KIpQPKCBnPSmuRZJg5khGyh1rqyWgxF87wyM4Ce2ahxSZVMy2e0OQUJeDIW4MHzDIHzqfxMukifYp0qS+5KnvlCS44cqVuB+22O1EpjiUuNx2yQobu4/zen0/vShxEnpiRmWFKPMQVkd8dBU3xVjPi4/zZoxb7KenWmU4gq8InByCSOlZItkUWQ44sAA5wOtFV3FLiFowcY696jxbglSFJ5DS8suSXSPaw8TxYS27MyUpZeaUnZKxj2GKs/S05UuzpC1DmZ8p37dqqRu5BIWytJCkHmGTTVpHUiGJiW1KKUv8Alwo9+1BhF3tFf1JYs/itJ7W0P5e5FcucHuTU+PMyAk0tXCT4Z2J9t9qjMXseJylQ8vrR0jwDfoeUOBZJBBrC6kKUdiCe+aDQrsVcuTnaibclLyTucGp70ygHu8XxEkBIOaQr7FKVEKQQkVZspAcQepxucUo32NztrONvWo6ZV7VMqObw/XdFuzm5EeK2V8qg6o5+eKF22JHsF75ZSmZbTWeblXsR2OcU6vw45uSBI5QjcjnGQDXqZY40tLaEuw0NhWQlLIBP609GsmPRiZZrHOpMx2zWMK+32FFjQ0Q+VlxIwQc7Z6Ae1TdcymmoUVvkJWsf4h9gKiRNMxo98Zufjx0qaBRhpPL1BHTPvU+/2xq8RG0CSlLjXQq3H5V2OLj0LZM0JPsrYugTQCnavozw0ZkXbhxpiQJBZQbezlKR/wBoArQR7RY50kz0EjfZP9c1s7w+4/2jSGi7TZZLEh9+FHDKnElPKvB9zWgpJxoTlkXJUbBRbWlkkuvqkFXQuEEflXKppr4nbCs+eHITt0SUnH61yo0DeTZoN4uRkdq5IACxhZUFDPWoiFKUrJO3zzWQnYgD5ZqBlKkZU7oAHX2rtPmOK8tqwMZGcdq7BIwc9etd12TtmQJAAPWucuduufTtXWfNk/vXak8wG/WpIWz206tlfMhRBArjsgvOhfRRG+O9eckgd8dq8Efzdwd6gmjtbmBk5zVj8MLKTHMpSR4jp2J9BVcto+1OtMjcqVjAq/dHW8RYjLaACEJCdqU8iVRo0PEx8p39DnZYPKEcycn1plYjhGSO1QLa2Gkpxt7CiC3uRGT1rPSNpUkeioZ3O4rA/LSjY7+2KGz7p4eTzj5DtSxctSpQr8fuQDVqbOi0Mr0tHQHPyrCFhtRUTgdffNKjGoW3CfMCTuN+lTXb6kQXl826UH6nG1Sw0Pk0hE1M8lbzroIzzlXz3ock86i52SnIFdyHvtPOk7rUKyiP4UIlwkEjAAoOodn0NJ5FUfSMEbyxwSequlP3D25CHe46TjldHhnP6frilFEVpMBJx0onDnm1qjPoSgrBCkhQzuKj8qUtE5fEeTDKLfovgoCkkYG47GvBCo42wfWlzT2q1XKMhcqOI3OMpcQSpsn0z1T9fzo8Lg0lOVOIUn0yKf0fPJJxdHSnwsDOaGNzmwp1bakrebPKhPUFfr8h++K7vDy5qQiOlTbZ6q749vT511AhsRGghCQD7Cu409lW7VHu3xuX7xa/PkkknvVW6ynO3u8vKSMtjZP/AJRT9ra+NWOyOuFXK45lCN96qlh9S2HHFndXTPals0uOkel/R/GWRvJIFLbcZUlXTtt1rDBQtTjg3UQo1P5yqIVjGyu9cYfSmWojACgFCl+bS6PSS8eNpxZEmwHDyvABJT19xURUZ9haXELBwQpPsaMTpiG0KLhARjqe9KF1vXiMeG0pQI2Uem3aiYpZJPQj5cfHxY3+RllytRIctrTq1AKUnKt+hpWXrFkTCkODPsaQ1agcYgSGCoqJ3T/v0oWu3yG0tSEqPNjKvenY4vs+cZ83DI+C0X1aNQCRynJ+dOltuXiFIKsCqQ0fcRIjIxkFOxTnpVn2iQSElKgM74IoE1xYSEuase8pKN98j1oJemiUE7DNSo75KBkj2GKxzwlxvOArlB6mqNWrO3ZWWpoxKCRgYzjFVrJvUqLJcbWo5Bx1q473ELgV0Pce1VXquyKDipLY3H4gn09aP48qdMzvKxuS5IGp1NITglajj3rh1S+rfOPfNBVfUnPevHMD3xitGkY/GPQd/wCaJIB3yo1w6nfB3OU+woEDg7fvXQUSR0+XeppEOEXoNnUbwOQTkjsa5QQ7k7j865XcL2Rx+iIFlLuxB96zeXmSQCc9+lYnkYORXoLLjPKT03G3WpCbMuQhY5tvQ17CjuQQR3xWJpJW3g9jivaVFJIIwa4izKkkjsK75iD659qxjcAlWPYGvYIOcE+vrXE2cSSNzjYV2HFAiusdcmvbbC3XEoQklR7CuZPfQb0dbvtl6acKfI2eY/PtV9afYDDTSlEg+mKrfRdiVb20lY8xOVZqxITqiAM9u3WsvNPlLRuePH8cNjWLmhpPUJJH1qLKvB5VAH/0ihxQcBeSR6HvQ+4KLKeZIzQEOWqIt8uy+RQT1FVxqK8qbz96Ej1FHrzcglKttxVTaguLtykqQ2o8mcEjvTWKPJiuXIsauwi1rJyNKPItTqAcnftTvC1KZ9qUUKGFYHWkWwWyMlGSAdt81mQ47aJ/IjBZUrmAPajThyTSLeJlccsHLqxliXNLNyUHmyjlORj98URkXFqS8lKHU8o6gnH6UpKuRlSErIAOMGpUZhyZLAbxnqVelKywqSuWj3WP9QlGThjXJMZZ15jx46Qk8/ry9KzXGWBCYcQc482QO1B5djdDKcOJ9ds71LeZW1ACDuQjApZwx2uLNL8/kyTWSNIarHxCZ0zaZBlAutNjmQj/ADE7AVN4Z8RG9QXCZEkNFqQpSn2wF8yQjI8o9MZqtLo0lcVtZHO04nC0+lMfD96z2FxcgJ5nVjBWTkgelOQlGMXfZ47zsGRZucVr2X2mew6gBOEY7Co8mcwwFLUtKUp3zVfP6/gMpVyqIVjOM/pVd6w4mPT2nY0VZSlWxUk7AelV5OWhXjWzJxG1yvUuoVMR1/8ARxdgR3I6moCrvKREQnxfMRk5GaWbXGcLKXVpUVOK2JHailxVytNo6ADBIoqhF9mhiy5McdNo7FxfVHIU96nrWP8AiD6C0vxT05c71gjthaVEAkAVgeBDOx3ByBU1Hqifz5V8rZNflrlJIWskD/MetB5CVAKyc5712uRyuA/pWN14FGR3qUuPQrkm8j2wehvxJSErBKCc00SeVMUDrnbel8hbAS5jqaLypBRGSvrtzA1PKzG8jHwe2G4ceTDS1IUx9nYOEnOEk++KsXTskPISeYHJ/Otd5erZspeylBKexOdquHQF5TOgsuc2+N/Y+lVzQb+QvgyV8S2oS0nAwSe1SJCknrjHShcB8K5Rn3yOtE1DqObHuaVr6HHJLsAXKP4hI5cUm3m3nnUeXI9xViSWCTjY7Zpcucbn5h1UDjeq01tFH8kU/fbAwlK3kK8Ek5UMbA/0pYdaLKjkbeo6Va91gYUociSlXbHWkiTaY9rfWtTCnmSrPhlRATWhiy3pmZlw8fkhcBKlYrsMurHlQo59E5o25NYyfAjNsdtt68m7N55VsdBsAoimlvYnT9AUNrG3IfnjFcoz/FPFGFJwkdK5UnVXaF9wBSSRtnpWNBCVYPXpWTo0fkajn/FTXIHbM6SptzuQdsVlKSTkHl9M1hfJ8NJr0Thpv3FR7J7MgO/752r0nt0yPSvHp9f3rjO+K469kqPHckuJbbQVLOwTVgac0wiKlC3PO9nf+1ANHJBW6cDII3qyIX4UHvtSeebT4o0/GxKXyYVt8FDQSSKYIbSORKwNxjJoZbNwM7+YUabHl/8AUaTUbNSj08QlGfxDsM0vXl/CF42270bk/hR9aWL6o+YZPWrJbKLZWep7qpSlthzJO3ypQ5OUkj5knvRO7EmfvvUF0DKtvStLFFJGL5GRynRkhyFMLH64qVMkeIUkHChQzun6VmG6gD0z0quTWxrw5NToJW+M6/ylOEoz1O1NtsimKoE+YkbnFBYSQMbDtTFG/Gj5Vl5Jtn0/wPGhGKyeyXJdw0e4rM2Evw+Q1DfJ8Hr2qRCOG0Uo17N3vTB7MZDkJTYweRWCPnQaZaHAo+ETy9+U9aOM/wCLI/8AMa7a/CPlTUPktmLnjFNKhVb01JmvgeIvB6qX2+dQbhFSu5phM8qmkqAKh3p8bPK08RseXt8qRrF5rysq3OO/zonOWzPyeNiuFLbY1NutRnGkrwEJGAkChF+mokvlTaQhI29zU+UPu896Azv8WiYo3HkV/UM8o/6SWgtbJrCIyASEEDGPWvUxqPJbKgElXTKe9L+cIXjbrWRtRGcEj/YqJ40naYDF5jcVjlFNGV61IeBKVH5VHat6GV8q1Eg0TjElKt+1Rn98Z9v2oXOX2MTwYopSUSJcUJDG2wHT0xQxV0S5HLauoGBU277RSBsKXXdnVAbDbpTGJWee/UpJyUUiC+14TwA6dqsDh/MXbVpbdVhKzke1JboBkNZGfNTJE2DBGx5utPuPKNM8upcJ6L5s1yCmEb4wN6ZGZAdbGN8VXun1qMSOSokkbnNOcXbAG3yrMao1vQRcIWCMgf1oTNjpUCpOBvjaibRJG5zvUWWAE9Oqj+1TV6Bp0J1zjpBUFJ8oO6s7Up3OODzICeYHsehpwu+yP/UKU5nX61SKplZO9CRcoZiubjKexz1qIsgkHG4670wXj/C/Olt8+c1p45OS2Z2WHB6OKdyR1J/KuV0zutWd65RAf9n/2Q==","2021-05-03 10:33:03");
INSERT INTO users VALUES("12","paulo","3352537346b8952df5cd1af145e0bc194c654b68","staff","02012022033117FB_IMG_16410174636644719.jpg","2022-01-02 10:31:17");
INSERT INTO users VALUES("13","jeremy","ee68891a4be740d745aa4edd6c1c3121abbf4ab4","staff","02012022033149FB_IMG_16410173556326371.jpg","2022-01-02 10:31:49");
INSERT INTO users VALUES("14","staff","6ccb4b7c39a6e77f76ecfa935a855c6c46ad5611","staff","data:image/jpeg;base64,/9j/4AAQSkZJRgABAQAAAQABAAD/4gIoSUNDX1BST0ZJTEUAAQEAAAIYAAAAAAQwAABtbnRyUkdCIFhZWiAAAAAAAAAAAAAAAABhY3NwAAAAAAAAAAAAAAAAAAAAAAAAAAAAAAAAAAAAAQAA9tYAAQAAAADTLQAAAAAAAAAAAAAAAAAAAAAAAAAAAAAAAAAAAAAAAAAAAAAAAAAAAAAAAAAAAAAAAAAAAAlkZXNjAAAA8AAAAHRyWFlaAAABZAAAABRnWFlaAAABeAAAABRiWFlaAAABjAAAABRyVFJDAAABoAAAAChnVFJDAAABoAAAAChiVFJDAAABoAAAACh3dHB0AAAByAAAABRjcHJ0AAAB3AAAADxtbHVjAAAAAAAAAAEAAAAMZW5VUwAAAFgAAAAcAHMAUgBHAEIAAAAAAAAAAAAAAAAAAAAAAAAAAAAAAAAAAAAAAAAAAAAAAAAAAAAAAAAAAAAAAAAAAAAAAAAAAAAAAAAAAAAAAAAAAAAAAAAAAAAAAAAAAFhZWiAAAAAAAABvogAAOPUAAAOQWFlaIAAAAAAAAGKZAAC3hQAAGNpYWVogAAAAAAAAJKAAAA+EAAC2z3BhcmEAAAAAAAQAAAACZmYAAPKnAAANWQAAE9AAAApbAAAAAAAAAABYWVogAAAAAAAA9tYAAQAAAADTLW1sdWMAAAAAAAAAAQAAAAxlblVTAAAAIAAAABwARwBvAG8AZwBsAGUAIABJAG4AYwAuACAAMgAwADEANv/bAEMAAwICAwICAwMDAwQDAwQFCAUFBAQFCgcHBggMCgwMCwoLCw0OEhANDhEOCwsQFhARExQVFRUMDxcYFhQYEhQVFP/bAEMBAwQEBQQFCQUFCRQNCw0UFBQUFBQUFBQUFBQUFBQUFBQUFBQUFBQUFBQUFBQUFBQUFBQUFBQUFBQUFBQUFBQUFP/AABEIAPoB1AMBIgACEQEDEQH/xAAeAAAABgMBAQAAAAAAAAAAAAACAwQFBgcAAQgJCv/EAEYQAAEDAgQEBAUBBQUGBgIDAAECAxEABAUGEiEHMUFREyJhcQgUMoGRoSNCUrHBFWJygtEJFiQzQ+EXU5Ki8PElY3TCw//EABoBAAIDAQEAAAAAAAAAAAAAAAIEAQMFAAb/xAAvEQACAgICAQMEAgEEAgMAAAAAAQIRAyESMQQTQVEiMmFxBYGhFEKRsSPRweHw/9oADAMBAAIRAxEAPwCzk2ytpjV12ifvRzdugn6PzSgIQsRI/FGn9kNMSD1FVrGkLpWIhapLmxUAOkUcbafpKSPvNKC14YCyfwaESlxW3kB5zvRcAloReCVHYkAelb+Wn6iFew3pVpLawpO47ihKXuVAgHuBXbIqxKq3UkaVI29TQg2giCE+0mjUoO55g/vDnRmgtDkfeak5L5EnyzalbCD6UINhKtIKv0j80eVKjY1orOkg/wAq6gtGFlLadwoqPKOVAWiEDkJ9BRraNSdQOr36UYlAUmCmD0JoKO/QlS2VEQnl9634ZPMb0oUVIWExB7jlWljymVCTU6QX9hKkpG3T0raUpRtBM0YFlAHUfpQxKlSSPblUJlbv3Cksq2Ogj1rYT+0IKAI5zvRpW5zIASKAVJCgdvWiWwtMAptCFeUA99qGGkaQrQEnuRW1ONkSlMHoaGlZWNwUepPOoaIpfJjTaVnkdXOjwUKSAB7gUUnVBGr9KGhYVyX5vWpSZzVAygfSmSOw2oRZCvKlcHqJolToECdZ9KPRKTM/aKKgGkwTTIjTq3HYCtllIE8z1mgEJBgAifSthOr+H8UVsimCDKAjUIBoaWQrdKZ7HnQUjVsUj7HahBZ5SBHSi/LJ4oGEqKNK42HPaTQ2WEqQSEye4M0WkTuYPrQtRnY/+k0LaOYYhpSDuSD2ihC2LgJIE+tFjlyk+9YHAg7iD71BFhoYIVGwFbKAlQEap9f+1AUvUBvBrQUrVJWT2miSJbYatlRPlQDtvvvWNISkyU+b0oKVr0kqUSfet+MTuPMR3rtnW/cGsCdwB6RNaWyI5wPesQokkkhJPptQV3UCOfrFFYFX0YphGnbb1kUSWAk/QCftRqHgQf5GgKc1bpEEexFdZKiB0J0kwmfasCEKQeavSYo5LkJ3Jn2oJdAOoc/1oXJPpE7QUGhtpj7/AOtBU2AqDBnkaEpyZMTPfaghQIiaELk/cCEJ6kHsBWFoc/poSFIG0AD8GhqUgGQQB2rmjkJ7lgKSnVG/KKL+UgQpI09By/1pQVtvKgmKxJAPOB7zUWS79hA4jw1yUKnpHKtBgqWFKSAD33peptDh7UEtwgk8vWuTAp92JXbJBBAJ1Hsnl+aCi2CE+ZBWR160pKtSRB8vrNDQoJbjWP8ACTzrmvgNJCMW6VHdKle/Sg3Fs2pPMyO8f0NLlIhE7H0rSWQoAQjfnKZig/ZDSY3KtUhsENlwnkJrPkwrY7DsRy+9OnhhCoB0x6TRa2YVO0HtRaB4jeu2CVAeVv1Jma18qkqCvKY6jrTkLJa0yNvv/wBqJeShgSokn251H6IpDW9bFbhIBA7CKylS7w6vKlAHqN6yh5MDjD4/wJG2SROxPODShtlTgBhCT2BiiG/2YG8e9KrfzSdQFHtF6pgS2XNWmBHMSf60JtCkciAexo7XqQQVjbeQaLS2FKClSR6Db9akO6NLHiiSkoI59QaLDACSZj0oagFq+lSgOUVtcaQSSk9jUWzk0woJ0j9moD03oJKlAbSr0NbPllQI37bVvRpTqPI9tq7YVGESAYiOcGtrJWAPqT0P/eiytIPlOw/iFGlQKBpiT0E1BGkaADap5VsvKP0kAdtq0Nk7QD2JrTZSkydz3BiKhto7Ri1KmSRpHWa0lWolRk9tqxcGSFSOgJrSeRKjI9BRIjr3BLU2ogq8yhyAkfyoxohW6oSB3otJABlQjoAJoAeJEHygfauItNh6kFwkj6K0NJ20D80Hx4EAiO4oQkoKlKBHSCKi6D0bDbaQVbqB6HpQQkSCEkjqDQULIlWmQPSaIexFphKlOKDaes7VKAdCkwtfOE9hW1XCAQNaUp/WqE4t/EPa5PunrLDyi6uEJB1JUNIJn8xXO+MfEPnTEVvvt3yGmIkoCgnr05fpTEMUplLnGOjvt/E7VpfmdSkD94n/ALUUMz4elI03bUA/xCvNLFOKOasUZUTijykf3VxTTa51zA3K3Lx1QP8AeJqz0K+6/wDgq9WXsl/yepqMXt3QkhxJ1es0NV6yzv4g39YrzawDj9mHLaklu+cVpEQo6h+DWsW44ZkzDdB5ePXLCejTaykfpVkfGi/9xbznW0elbV626PKsEe9H6iE7kfivOvAviHzXg6mvCxF5wJ2h1ZUFe4NX5w5+Ku0vEsWeNlpF66YCkQgH0gnf7VEvGkvtdgrKl92jpptYWr/WjSpQVCVT61FMCzxhONtJXa3rbs/uhQBHvUjS8hSQQefrSck06aL1JPrYqQe6wT60AuBZ28xHM0X4xjSJrSAUgkiBUWkT+g4KkwoSmjJChMCByNBQPLMie00BDwCjIMeldZ1MNCwowZNbUNJAg70Wp5AG8x+aElUgQZnsakHivcMmBBMDtRXinVJBEVt0DbcpHWd6AZiZkdJqLJ6BFRJEAqnvWtZUfqI9K2d0TtHXczQCoEeUSK6yKQeFBCdlaj2oJ9dj6UFpOkHmk+9D0DqQr0POo2SkwpQIVvv71hMDbc96E9CYABUkczRSgVJlI27AVFkgXFkmCfbahapTymKAGlEeZOn3oYlAhLnm/hJruRNgXVlCQqeXQiteJrGqB/pQFJCjKpmtJGpMTt7V12dYY6sApkz21VtQAMgj9KzSCNjPrBrEpCvqnb1MVBNoDqkEa5PcUQAoOQn7mlRbKTIBTPSsI1EgiY9K7o6gCFzKQqT1g8qGlRTt+8KCqSBGqe3ShIbV4fnMk9YqSAxKj9QMEc5FGtrUpWyZPfpRSUJQJ3Ces1jt05ADQ0o6rqeyNe4O4xKD4STrcHOOlIygKOohK1mjm1NpBCUAnmfL1oLig4qCAD771DddHNL2EjjairywgdhWUFxMLIG4H8RM1lDb+QOARbtgmCCfQgUqFsAdgADQrVkzvBTHMUoU0BskR6ijBjJMTGWzoJCh6CtHUg7AQfsKWKAaHI6vWsQo81JAHckRXFn6Q3QDKoOroYoRQFELmfSadC20pHTV60mXZhKtcD2SagJISqa8REkGfegQUJggx2paWwpMncdI3oLyYQkkcup5VOyXsQobK5gx6GjCgAbwD3mlCmwpMkz96AE6SNKoT7UP7QGvcIUBpIIgHltJ/NB3EDSfaImjj9RHTqQKEkJcGkbD25/ep0EEqZKt0+T0maDpXpIBJpYlsIEJ2PbnRBSUHVznsKghKuwpSSkDbST2rXKJ1T13o9SBIVM+iuVYpIG6zB6VxNfAS4gGNO/pFbSkpSVFISRz2/pW0k7kEUlxO8/s+zcuFq/ZoSVEA7xXds7srDjJxyt+GrBZQgO3y29TafpA9TXJubfijzXj9tcWi3mWkOiCppuDHoZ2pr+JDiAM55+vbizUPkWkJZQEnYlJMmfvVKPYi64dJ8qR1FNxgkrbKmO+K47cYk4pVw+VLVzKjzppUt9OyXPL3BpI86SN1T6mkynFEwFEDvR8vhkOMH7Dyi9dYa8zhV7UQ7evXBCkKXHpSJD2gfVq/wAVaViqrceQhPoBVilKS2wa+BzDrzyNMQe6qXWlw0wmHEHxO4MVHk4q44QVge4FKmcUM7oSR3ImoiqYclZPMFxbC9BYuitpSv8ArCSB+N6erPCLe7fJw688dbZ1Sk6Z/O9VuzijQbgoTPcikqb59p5S7dxTZ9DTqnGPRVxbXZe+GZ1vMMebbZduEXjZgKSoyfSrw4U/FGWr0YXmVYaKPKHyiCD2VXFuFZjvWHgtxZURy1VIjeIx1Hjstli5T9SkjYmhm4ZV9REFx0z1Jy5mexzRaJuLC5RcNH99J29qfUKOjf8AM15zcBuNV7w5zOGL53xMLeBSttRP17Qr8A13hlHPOGZvs0OWVylRKdWjkay8mKtpaLrSfZK/8Jie9aG3v/doCDGx3HcmjEqSkz9JpbfsWJmgNzKR99zQ0AJIPftRUSSoeY9qPSELA32HMCp2S38GnRqOyefOsUAgiJNaWoauR27UI7jaa7YHXaBhrWjdR7wIolQA5dO+1GEEiI36SaLKDABruib/AAb1Hlqgdu9abAknYx+a2lsfTBn3rCCdjMjt/wBqm2cqMUrWeQA7qoClSoIk/ajUAA+UEH3rQSkLIj33qCf0jRZCBET9qLMABKRv6c6MgBJGqe070XG5qCbC3FjVCpPrzoIBmQT9iRQ4MkkCB3E1sDWBpSYP2qQGt7No1FMqUVq/vUe03tJ5+hii0nTsZMdjNbOtSiUwUxyiD+a6/kJKwxaVDcqKQekRNaDgJglMdxtQSfLBCp9aApQgSSD6iuVHUGqSSICkjtNFGBMDcc4rE6RzJmgKAcMEiem+9c1ZKggDwVGznuknnWJ3IUnyn+Gdq34Sivcp/O9CRaEgmUx03INRaRzSQHSQrUtCRHWKx1Y3VB9B2owMmCkKB6xRS2yUxAnoCdqnTKm1dhaluLMpUIrKLUxJ2EewrK6kDzHVFv4YGxKfUUNVmTJTA9IpxZYSr/mSfQGBWP22g6UqBSeQmp7LLb9hrNsoAlRAjpFE+GpR0lJ+1O/yqieRj0NFLYJOw0q7GuaCoa1tLiBJjvzospUjzEq+9OS2SiZSD7E0mNuVExyNRbJCG3FRBBUfblWykOAySP1ozwFJI61hbUCSTv2NRdndhGlKD9afzQCZMc6GtoqHKJrSmi2IJEdwaLojroC8E6R+6B60ABR3TKo6BM/rQ9BUI+r06VtKCDCUR966zr+TTavETI8sUI6xySVetaVAWJ3V7cq3O0aiB2rujtBalQNkyqgygiD9Xad6NKiTMgDv1oSXBB3B+01xCt+4QhsifpEVU3xEZyuMo5ExB62INypEJT3Sdj+hq3VrlPl2PtVE/Euw9f5MvkuW4ebQkkqUkQjaJ/WiglewZr5R553+Jam1lUEkkyqJJ7moq9eqS8ruegpzxK0Lrqw3Hhg+Up5EURZYIu6cAImaa5L2Ign7CAuqWOcE1o6inTtPeKsPBuGt1egKbZCk/rSt7hxdtqUldqpCeQITUOWrZb6bZV+lSdkyT6UQsq3BBBHOant1wyxQOkN2rqh3iKR3vD7EbFkqctlbc5G9U+rF65ErHOO2iII8RY32SKGHCAPNFLXMMdEpKCkjaDRSsIuUblClDvBq9TbVJkUJi/q31UravVBG00kcs3Eq86FCs0qbTOgketcqWwGxyavCEnzgE9CaesKxF5tshvyA8yKjDSvNvypSi8W2kpSpQHYGrFO/gPtaRLWXH3VE7OEbyOYq4+D3Fe6ybdNpbeWVLISWyedUnla+HikOkhMbkSTU04fvJxDP2CWzCStx2/ZSgdSdYP8ASonx9injR6VZCzUnNWDs3AQsEpEkiN6maErKJ6f4ZpnwXDWbBgBtIG30p5CnaFQCACKzn3osQIJCU8gTWadIkpBntyrIk7wK3okxEjvXHAgyCmAEg+lYYBhI3HbehBAgEwoigltKhMb1H6OA7OKMkg+oraQAdPX81g1Nkkb+lB8VSjB2qDjXhEk78u5/1oYSEwd47zzrQSrtW9O/IqI6HlXa9yN+xouiOv5opaARqnb8mjikdZnsKxTftPaKnXsR9TCFNSmRv77UApKNoMetKfB25jfoK2UIAACfuBR2HsISjUndMjoaNQzEbA+s0PSmJkn1NYkknlt3ioslI0tB0kAwOxrEIgSCFenatOiCNJBoaW3FQdQT6AUNo6qCVL1fSZPvWJbcUZ0xPODSnwg35lp3PWhIcUdo27mhs4I+Xk7yPvRibYJTsOfWjisiEpTz6iguMLIH1bd662SwPgpRJImOZmk61IWohCZ+9K/pR5lEK9DNFEhUHrPUTNEmwaCAConYgVngEx0A7mlAb1HfbtA2oaW9CVbzP/zlUP8AIElfYgW15jCtvSspSoGeY/8ATFZQ/wBFXH8Dk01IEj8GlqUoWgApAnqT/wBqUqsdCwSI7AVsMEp3UBVytBJL2ECrTSVJCiQfWixZkDuem1L3LTxkwmRH71ENMulfhuKV6EHY122WqhGu2J2gT9qAtiE6QUqPel7zC9ccj6GiVI6FIEdev5qHYSYgctyggKkDtEUUplOieRpzUgqAg/1ol612mZV6UFnN/ga1MhRgq370U7bAdQfQ0uU2dJlM+lJ1NqCvpI7USa+QHII0lrcSR2iiyuTGwn0pWWlEgzE8xQjbzJBTPpRVYXIRkIMb/isCdXIH70YtBSsDf7UIJAjnHY1FECZbZCvMIFBKD6R70pWIBKTPpuaLDaxvyrq/J1CcNCDMn1NUZ8VrFw1wvxN1lwJWlMjaZHUfiT9qvxaFadx5e8VXHG7L7uMZDxdtpw6TbL1NQCHBH0x1mjj3RXr3PL75RT6zqSAo9qtngrwkezXigU6ySwgSRHPtFZk7hZe5tzKjD8OZ8RWqVE7hInmYruLhxwrRkPB2mlobDukalhO5NON0qRfjj7tFW4Lw0sMuqIct0ynpRWM4NaF0lLbakdo5VaubrNsyrUEjuNqrm7tGQtcOyTv5lbCsryG0raNfx0m+iDX1hZAnS2kEdhTDimDWly2UqbBB9KmWKWybdRVsoHrFR67Y8WVJVt3rBlOn9Kf9G08cGtkDe4d4Y86XQwAfai15Mw1IUktoUR0IqWKbW0vRMz1oRsApQlUj0FR6+WvuKfSXSRXN/wAPcMukwGUpJ6xSFXCSzcAShAUT2mrZTgqQmSdj3o21skocEk1fDJkb+5gT8aD7Rz3m3hoMFa1JSU+wqAPYQsqISCCO9dvtZNTmRhTbtskoiAsiqc4g8DMVwa4euWrdRtgZSodBW9iy0towc+KMGc+IU9ZvaSrTO1X18J+XjjXFzAbhKPE+RWq6d1cgNJSmPXUpJ+xqpb7ClC4KVogpMGa7m+CThw1Y5S/3gW2kOXqiGlnmpCVEbekj+dXzmmuxBpex1IzbltlBPOPalAZWreYjqN6HoJiJV9qG3sew9aWdnJvoKbQpM6hqPQnatjVvP8qPUiJPOe3KtBsEAaTvzoOyaYnKlJPl69RW9RAiduwozwzqgAD3oJaV/CB6ip/QNUABKRJUfvQt5En8VtIBMDehwOWmT2qUF2BCpEiT77UIlQTtA9a2lII329CK2GSU8xPpUHJBJJB5yO4NCK5IgH80cGTEaR6k1oNjcSkegqVQTfyFTBnTq/pQSvWYSCPalaEhKSCYntWBo7Ry71LaBpBIAUk6xt2NDQWwnmZ7GhOMalbxWhapUqBsr3oaDSMAbnfYehpQAnQNAMdzW2sPAIKlg+lHqt52jl0qejqESmCqSR5fUVpCCg6iARS5u3Wdkj80P5GZKlJ1dhUb9juhMlKNEiJPeaCpoq5KSR23pSLUpSO3tWvDEwFA94NdZ12JV2QjVIkdpoSWAUyd/U7UqW2CAmQDRJRHIEn1FErZGgktOaoSYHvWItZVqWox70eUKSB5B+dxW0MKc25ekVFUC2J12K1qJCkAdBqFZRpYdSYAEetZU6K7fwTduw1ApkpUOpFAOHEeaFL/AMSY/mKkFnbBUBSkgdCetbvLVIV5Z+3KrTlRF12pIOwHoRSN7DtczqB5iKkVzbLBkAK7CkjiVTBG/ptQci1UMSGFg6FIgjuNzRTrSgrzJMDvT043JG2k+oohQKwY3IMRFDbZZoafB2MbDtWhaatysD2FOa2fKIn70QtgbSRFDsHsb3GI8pKtJ6zSVyzSFb6iD3p3SkBPlMDsaKfbCgdpPXVUqkyH+hnNkFLETHpWKtJJCUkj12NOTTYjr+KMdZUUgD8mmUrKmxlXayBJMjpQRYat9p+5p2WyoAbD3FCS1pEaNz2oqr3K097GRzDVkSQI9DWhbKERtHc86fNChI69qCGoHKfeq2rLOXwMTtrzITon+8SKgPFPN+HZUwkW96jxjehTWhIBgEGSoTy6ferVcZABCUjfuKof4iMmXWIYhgN9btLcYUtVtcJCdm0kFQcPYeUj7ihbcVa2M4IwnNKb0R/4Nsri9xbPGJuWifCt75FravpbAQpBQlZA9QVQfSPWrb4q3N3g9mpVi+ylw9Ep3H5NJPhXwZGE8GHcVtVSze4peLG8ghLpbChHMHRSHiNg9zjN5qbe8JStgCacUtbDcadRZyzxI4jZtsVrkuvoBnyjb8Cqx/8AH7FLJwpvLUz2giuiMy8OnDfXDGOYt/ZtqLcuMvsMhXiLk+QlR2O3brXFGLX+LXOJKYu7ZbDwVCml/un3Gx96VnFS+5FkJzj02W7ZcdrfESEvoUyByAE1K7HO1jfW6XWzrP8Ae51z9ZWTiblDbjQJPcVb2TMlXd7aeI2xCQOorOyYsb2jWwZM1/USK/zBbKT4iwlApo/3ysWQsquAhEzBptzPgV9YIWFNEJFVZjFs4tSvEKgPU1QsK6sZnmnBaSLfc4jYWkCLlO3U/wD3QG+LWF2zySlzxfUCuf75tqzIU8laknkRUnyLhbOO3BLFg8+23utSElekdzFWrxY9ttmfLysjdHV3DbingeOX1vajxUvLMJ/Zk/rXST/DljNuWHGnkFKHU8ygRH4rkrI7GFZeuLW5TahwIhSVJ2ruThXmZGa8tJUGVMyiEhQimsSxRetCuX1J7Z5qZo4YLf4kuYDa6SXLrwZb/dJPL0r0A4WZMGSsjYTg6VoWbW3S1rbTAMem8fmuXrzCo4j8SsetUNpVhuMO26EqXIbIQkFfqSrUfc11bwRYvbnhdlpzFHHXsQXaJU84+ZWsyYJ9SIqzJmivpFZYOMebJSwylMKPMdjQlo1n09uVL/kNSgANvWsXaFvYIk+tUWVp17DemUmIkepoRJjZH3maONouYCYPpR7eH9VDepT+CL/AgU2pZElX2rfglRhRgeopy+VSQI2jntQVWigCUgR70a/J1sQFvQIA9yDQflyo7AxTo1YqeTuNvShf2boG88+hqbo4RMMAK2keoozw5kRy6xSwMBshIBjrFHIsiBtvPWhsmhs8FKttJoIsxq6xTymxVO6TQ28MUVTE/agcqAafwM/yew327UWtgAaQDHepEMHeUfoPpRLuBqbMuBIn7mpuwkm0MqbTxQAAFKFLGLVLHmUlIPeadbXDQhJ0pkHqaUpwbWJAB771N0dQyrSgqCgglP2FCbbW4rZAHblUht8HTEET9ppxZwVpA1aBt3rnNLskjdvZrRuofYVjtjqEqbMc9lEVKzZNlIAQk+1Fu4bq+lJ9p2oPUT6OSohzrSkmBIT2FEOMhR2IHoBNS53A1EyCkT0NJlYEZ+oT7V1nURVLBVIAgjrFHJtlLI/eqSpwRDZMmZ6xRow1CEkRJ9KK4shxI4MOUo/TB9DQ0WETrQT96fnLUJSNKCkigJtCTMTPU7UakqKmhk/s7sYHZI2rKd12qtXJVZQ8n8AcWSNu9CUeZnQeyVz/AEFBXeocVIbJinO0wAKQdRJVEwUKP4MR+tF3WEeGNidukEU3UquguUU6GxdylQ87JB+xpOpbC1ctJ9BR7tnpX5gT7jakzrSW1nSAD2iqm29UGnYmf8NC5BWVdtNJX20rhWkpI9KXuoWoAaPeDQdIgg7DtpigevYNa9xtKQ6ISYP94/8Aegm0WoGNx3G9LXGApMhBT6itG3C2oSoHvPSgbQSGlTamyQAZHpRBQVEnSNfrTg+wtMzIHqRSQsmREgelWQAb+QtLbgMrSU+kVtRGvzUeGS0RvP8AiNDVbrInaT1502qrbKJa6EqwhY5xHQmgKaTpnn7Uo8JTR8wB+xrNZSkyQAfSoa/JFtiVTSdHPf1NA8EnsQevamHMufcAy2UoxLFWWnlnS3bpOt1xXZKEyon0Aqv84fEHiWVWz/Z3DTNmJtRIun8Kuba3iY3UWyqf8u9FGHLSCUl7luKZCUknaOsc6j+cMJGMYM+1pW4CgjSgwrl0rnW6+N7EbAuLxDh87aMpMK8a8dZI+zlumsw3457G+vUMqy2220oiVN4mla0pnclJbHKieLIu0THJGy8fhheYteCj+AXSND2F4peMJUpMawXSsK0n6fqO3pttFJc8stuulxlwpWjrTLwkxOzvsezNeYVdsvYVizjd6gMmSl4p0uA7/wB1JnbnEbVJcbwpuFLdBUT3NC1rZo42m7ZR+eLq4xm1Uy4NZGwJO5qhcd4b3WJXZW1aJSZ3Wof1rp7MlmwyVlLekc5nnVdX+LNtOlAKUCe1YeaeTlSZ6HDjwyjyiqIZkXgYl91L1yS4R+6BVvpyVZ4FYBKUhvblpqQ5ZsWMIwZq+vrxq1Q4kL/aEJ2O459ajmcc+YUHCll5DyeU8wf1qJRThtOy7HJ869iE4/lVjGdaNSVkdxyqos08MCkrHhJJHI9KvLL2Y8KubrQ68kKPIq2FJ+ILZt8NVdhlJtwQPEQrbcwJNJwcsf2uhnKozVNWcsX+Sw6Bb3luQlJ20ipvw3y0zl66aXboWlmQVNpJAX6Gp5Y3FvcJTrYSf8Qk0+WSbRSglCEpUTGyeVdLzJvVCf8ApMT2x1s7RrHLplCbNthAjyhO/wCa6n4K5abw6xJUQywPMVKMCaoPKeDLacQ7IVBmas/Hc7XuDZNvGrVOh9bKm0AbEyIketOeLkc39aMnyYRjKosoDIGWlcQuLucV3TPiZexfF7vXakaZbS6RpkbkkpJnnE9K7Rs7D5VltCW0wlISIHIdqofgrhOXsl2GBf2nfs2lxbWZs7f5x9KC7JClKgwFLkc+cHbarSxXjdw9y474OJZ1wKyc/wDLexBpKh9iqr5x+q0hDJK0kkS8256A+9Gos4SD9R/vUyZa4l5TzaCcFzHheKgc/k7xDpHvpJqUoUlcaSFjvM1V9XwLJCEWSCrzJH5rPASo7JJinAIGrv6TShLCVAao9hyqba6DGg25AP7OfetItVKHb7U9/KT9Ike1HN2QQkHr78qhzfuQ0MjViU7wTR/yKlDdIHrTzoE8hNbDQjZJ351CyMikMQw/SZ0ifzShizJiQAPanlNuORTPuTQlNJQnfl2moeWgqG9Ns0k7yfcUpToaRIRt6CjR4QMqIA96GEt6Y2T11CoT5bIpITLLkfsxAPUigCwUoaiBM/URFBxLM2DYO2V32J2lmgban30oH6mqzzx8R2V8tNlNniLWKvkHS3ZrC0yP4liQn7mro45T+1WT12Wi3bqKvNzFHItyo7mftXHd18amPpBcNngGHIC4CHrxy6WpP2DYSeX8VLB8dNvbJBfsLK5Mb+HeqbBP/oNPR8LO1fEpeWCe2ditNBuBtSlDbap1gf5jFcs5Y+O3ILrTf9rJvMOeVutTTrly0g+4AP8A7atnL3xCZAzgpsYTnDCbp9cRbC6QHJPIFJMg+lKTw5IOpRLFJPotE2wP0gafSgLZCtkpJI60y22ZGriPDuGVJPXVIP4NL28XShYCU6if3kLEfzmqkSKV2S0p1adu5FJvknHlGJP3ApSrFWyYMqUehVR3jOKAIQhKDzUowfttRJtdM6hvFiQYKo9DWnbMto67+lK1Eq2AH+Kgqtyv6gTHXvRJsgalsidgNVYlokArARHanBxkaY0AHuDyotNuoqhSjA9JFWqvcqkkJg3qE6gPx/pWUv8ABA2BT9xWVZyQFlsM2zTLSW0IASkQBTHmBhpuCG4nsNqkvSkGIsqeRpCQfemou3TByxUVyK+vGUqM6Aj15zTc5ZDVIAFS26wwpUfIY9TTbcWhQIiB7RQzhREJqQwLsw4Non8UhestSiNI9wKfnbfTvtSNxGnlG/YUrLQymhketlJACdQPpRPhKY3/AJg09/TI3PtSZ5QWd0TFUNbsL9DRcJDnmMk/gUQGFEgpSUj7xTq+y2qDpEnmZoKWUEbAR6GatjNoHi32NZa7wfWtQTI5inJVuArYD7mnLAMsO45e+E2FIbG7jqUyEjbbnzPSrOb9geNBGUsov5lvlJhTNm2kKXcFOxM7JSOvXfpt3pu41/D09nZWD2+F5ov8q4WzrViDlmoeLcgxpSkn6SIVudtxsavTCMKtsEsG7S0ZSyy2NkpEDuT+ahWfL5zUopXCU+u1XdK2A0myl8s8BMm8OXVOZcw1DeJL2exa6Pj3jvclxcnfsIHpVtu4u1b4W0hcE6YNQoYuVuEAx+lJc0Yx4Ns2jxIOnlzpdZU2W8UKsUurNx/XpRMzIFMmZssZWzxhK7PG8BwzF2VCNF9ZtupP2UDTFbX6rl7Skk+9O6lraSkBIE1yyyUtEcLK/wAq8Hcq8NMTvLzLdq9h5uyA/a/MLWyImChKydHsmBTtj7iPAVJkx0NIOKvFfLXCvLz+K5gvhbtoTKWmxqdcMxCE8yd6jeBZ+w3PWBWuK4e4V2t00HWyo7wRImmOcvcuxxojmOWr94paEHmdhNQXEMmqVc/tFaFncdalWas1HBFOKSEq7RvVRYhxQuhiRX4Fy+kHfw0zVLxxm7ZrYpyiqQPP3D/E8ZYaZVi9y22jdKWnFJ2+1Vzi+BYtgLHgIdXdJHJbiyVfmphmLjhdt282WBPOADzLuARH2iqzxPjBcYupQurZtlI6IEV04Pj9KGF9b+piVWGZrdcDluoN77b1YeC32ZrrLrmE4isKYc0lcbTBBH6gVXFhxmXaXPhG1QpqeZJmKm1hxWwi8Z8rvy1x/wCWv/Ws5wzPuJb/AOOD7HDwLq0IRpOnvFSPLVtrdSSSTM86ZcPzbbXbZC9K1HkRvUjy5dpS7qIGk9ZpPg07SGlkjJFv5Xc+VtgpQER13NQfjbxMXgeAuJtLhli5UtLbanvpJPejL3OjGF2K1BzSAIrjXj7xEXnHHPBbc1WdvqSIOyiYk/pTeGOTIY3kuEffZ3DiHCXLuaco2eJ41aX2KYyiwBIbuXSArTqKG2wdO52G3aoLkH/Z24hjjVtieb8yJwxTo8RWG2FuHFNAkkJLqjpJAgbJ5zuabPg++JAZ2XaZUzG6hWNYe3qtLlZj5pInc91pB+43rsd3NiLUISm4SCsgADfetSDljX1Mx2+XRVOEfA3w/wAuFt+6xTF79Lf/AElLaa1/50ISse6SKmiPhrw/GLdCcGxHHcuqb/5blvirziVDspK1Hb2g+tS61vXrp9JUorPQdKmGFXAsYduHFKc5hIOwpeXku7shxOXrrCePPD7N6sIwnCMezFayC3cthD1s6n1cdUNB6EEj77Grv4fXPGPEAP8AeDh81aNHbyYmz45/yAlP/uq3MKxy+xZwNtKKGv4qlVrYEJA8ZTiup1cqlZVlVUAk4kNZwzEmrdtV7Yv4etW/hP6SofdJI/Boz5XQOQB7RVpowxOJWAbeWokCATvUOxfCDhd0GnD9W6f7wpWcJx37FkZX2MCWdSZ2J7dq2LYzuCPtTqi3A3ABHYUC4JbSVHlHWqfUd7RYlY3PQygSCRUFz1xWwLIdku6xi/tbBhP7z7wTUG4/8anMoWL9th6Lh+508mQEJHPmo/03rzI4t8TsYzljDy713WsKKRqUVFInlJqyEFkZbwpXI6+4of7RHDsHvXbLK+FrxVUbXji9LIPpvqP4HvXNeefi94mZ9uNBzNd4HY9bfCT4Grfqsef8KFUQW3FmSSSe1YpDjSCVOafQmtKHjpK0rKXJJ6JLf5waXcuv3LTuLXrm67vEnlXCyfdZJ5+tNGJ8ScZvJaN040zEBtBhMdoqOvuELkuBQ9DSe6eSAkQN+tNqbhqJXKHLseVY/crQNby1e6qMZzDchvSVKUJ5zUdAUsjTR2hYGygD2rnlmVqCQ/Kxx0pnWQO01ltmB9l0KbdWggyDTGw84kFJTrV70YHvNLiik9hQvK5dsJQRa2X+OubMGKUtZixJCRsE/NuFI9hMCrPyx8X+dMvLSpOM3F4nqi4WVp/WuVlvFLmorkelOVjiMp0+ZI7mpUieMV7He+SPj+vFXbdvjuDOeEY/4uzeEDvqSYI+010zw4+KjKubSy01iCPFUAAy455x9iZNeR9piCrNAJMoVy3p+tc4XmDtB+ydXbujcKbMEVVNKXQfFVo9yMHx6xxZhLluQ4k9QrlTz4SVJmD7k15IcFPjcxjK9zb2WNuuPW6Vf89tZQenMDYivRrhXxlwjP8AhbFzb3TSy4kEFKgpJ+4paUJR6AT9iz1NDc+UJ6HaaSuCFCDPrFKG7ht36VAz0it+AVkkAGl7Z2hAppZVsaylardUnyn7isqPVX/5Mii2K0pOoRW6ytEu7CVsJUIImm+6wdt4HSAme9O1agUXJlLxr2IlcYGtOxTIHYc6a7jCHGiqGymelWApAUINJn7Rt0QoVDSZFOPZXD+GmIUkDvJMmm57DlCQkxPpyqwrnAwuSE6vamt/BtM+VR9CKXlBk8kQdWGrRuVhXcUE4ctI1JHl9Klb+DkSUpJ/WlGGZTXeKC1qLbQO571Wo3qJyaI1g+WrrF7lKWwkNz51qOyR/rVk2FhZ5es0sMpCNgVLgBSzESY60stbViwYDbLYQgdqhuK5i8fEHWm3BCDpKQeXvTmOHFbK5O9EmZxEOKc2OwmZ2qss4YjrU8NW0naakthiQLV2QoFSESQedVE/mAYu86qRoV67VGV60TGLTEtpcl++CPpE8jtNN+bHi9eFIUYAgwaHhinDjbjYQnwUtlZWFbzOwj871BeKWfbHI+FXeLYgXBbsiVBtJUf0FZ6i09F7aW2SzBmQhxJWoJQOpqhviZ+L7DOGzjmCZWNvjOYUHQ6oKlq15bqIHmV/dkep70PxW+KTH872Rw7A7gYLhrhkraX+2eT2J6faufMRZeU6t1epa1GStzck1p4fHf3SFMmddRBZ9zvj/ETGDieYcQdxC6UTo1qJDYPRI5JHoKnnB3jk7wtQixvlLXhDqpKEmS2T1AqqCIfHiDzUgzC94yQlWwA51pOCSK8eVqVo9Clu2OcMOReWdyi6ZcTqStB2NNdlZ2+GrUHGUe53muI+FnHfG+Fd4W2VfOYWtepdq4rkeRKex2rrXKHFnLnEaxTcWt0EXBQFOMObLSeorLnad0egw5oz1ILzreWam1ltoIJ28lUPjwKblZTapdk9U10FjLeF+AtxRLi+iQJB+/Sqyx/5FTpKWw2OwFKZcnJVKzSxySf0kDwmybuHpNk0j3SKmeF5dwlKStdq0pwiCqBI/SirJFotwaVaewpxfuLW0RrW4Egb7kUinK/pLZS+WaTl9Fo6FsEhvn0NLrnNjWD2iy84G0tiSdhVf5v4v2eFMlq3SXVjYaTVGZpz5iWZbhQceWlqdm0namIYMk9yZnZvJilxiyxM/cYnsddXZ2Tqvl5grnnVc4iXHgHNUzzBpts0qEEwDTyuVWpnn2itKGNRVIxp5HJ2wGXcRvcExa0xGyeNvdWrodbcQYIIr0N+Hzikc/YX47zoU+ylPitCZSoj1/1NeeNq0sonf2qzeCmdMdydmlkYY2/doulBtdq1+929qrzYlKNWBGddnqXgOJK5p8x9elSWyuQ++nVJJNVxk+/S7hTC3BpWUgkEQZqbYJcKVcpMQBXmXB3sYTXsWtg7pbt0NteXuYipNZXgs07kBRqtWMxlhHhtnzdhzqR5fW7fLDjyjoG8GmceVfakA4+5aOAXK1q1FQKVdCaUZksUXtmHNKVLb5HtUYtb8NJGkkAdqk2Evm5QUK1LQoc1VoPlKNAJtMiibMb7b014623bWTrjzobRG5Bin/H1DC3HfGT4TQ3CiRBFcT/GP8UDmUMDuMJwNbSL13yFxSvpTMEj1iaz1F8uLGoptWUv8XXHnDncTvcu5feQ883LdxeJP/LXuCkeoEGfUVxTdtqWta1KLiiZKiZJozFcwO3t448sha1mSonnTf4lxePpCl6UdulbmHC8cbZXPekbdBUnykj0mm+6s7q4ACQoD0qyMvYPZ3ISl1Pm7gTT7dYVbWYCWmUKHcxNHPLXYUMcpdFJjL146R5SR3pxt8purKfE1e0VZzWFXN25pZYB32IFOtrw6xO6UFLHhg+n9KSedp/A9DxHLsrS3yYytI1KUD0A8tODeT7cN+ZfmnlHMe9Wrb8LngB4yyv2FO1rw7YQpOsbClZ+X7RkPY/C+FZSSspsoMNxJ7iinsntKG69LnomK6AdyFaKRqCEg/xEUz4hklgSnR9xSi8qd9/9FkvDUVuP+SjXMkpfkBzUR6ikqsjXSFfsocHoQYq3rnJ3ggltuZ60Vb5eetklUn2O1NryJV2Kf6WLKsXl+7YQGlEoVExzo1mxuwCyolafUVZL9u2AQpsz1JimO/t2NZ0Ce4FXx8iXuBk8VpfSVzc4e5YvqJEAHbfnVm8GuMeN8OcfYusOufDQVJS62SQlSZE7cpjkaiuKNMNDUWlH3ppZQkO6mkwfU05HI2tszcsFH7j2y4F8V7XiRle2vrV1KypI8RIMlBgGD251brLa3UAgCPQxXkZ8JXHB/hnmllF4/pwu6Uhl9SlmEbwkx2BP2kk1615Yu28Yw5m5QFBKkgzG1V5MUltCiabFKrcg/TNZUkt7EraBDYUO6SKylakXUiTVlaot9xxppS0NKeUBshBEn2kgfrWkS3QbWpFNSMQvFuhLmH3TCFGNcNEJ94cJ/SlbN4y6pSAtQWlWkhxBQZ9AQJHqNqGUlHs5NsUlR6UAkmhUEoJ6mqnlfsiHG+zJFEPthzaB96NU3I5mfemvEMVbwxK3b1ly1tECVXTrjYbBmAPqmSfSqZZJP2I4h7eGoDwWsykchSx5xLSJKggCoVh2MO4zmBNwhTrdu0ChLZPlO/1Hfc7UZj2Z0OYgLRuJAk09jikkVy6ok1zdBNm8sGQEneKpF7F1N4w6pY8NPiK8uqZE89/5Vabt2tvBnCTII51SOYbom9cOvUJosr4rQEIu9k+srxK7C6UnzDQTAFUfbXPya0pGpAO4CwARPTYCp/l/Mzabd23WdKykwoDaqxx24NriClOLKhqJKhVHJSRbTTJ7ldxN9h968lKv2ay3qI5mATHpvUQxPDvm7tWrzyYg1YPDloX+SnrpA8TxFrKWkQAI2An1id+pO+1N7mFReEkBO/I86rcORHZHrXhPlzGrBbWKYDh9+h0Qtu5tkLSoeoI3qtM+/B5w8xFtasPyvZ4U4qSVYcjwNR9QmAfvXS9ilu2YSmATHU062uDt4g0s6em1aWDI4RoSyw5M8juM3wyIyAlx+wuLpTYJOi4CVR6SAI+9cz46w60tTbhhQ6169fEXkW3xGydStCVFMqRKRIVBAP615+WvCOwx/iMnC7/xEW1wHQkoOhWsJJTuRy2NBky296GsONy0jmQ2qnVQTM9q6BtOAGLYVw/sMx2a3La6U0l1bazE7SQnbnQM18C7TI+bsEcuLlb+E3FzLraEypKUkEpk/VO0+/2rupeFYZmbKqLZnw/D8MBLekApEbDccxSs5yfWxvhwdM8/rDiFjOHpDN0XFpGxCgQfzS24zgi5AWUGTzCxVq5x4X3WXsQd+ZtUP26lSlRTO1M7OUsKd2XhbLhI5aimPwRVNhPJSKwfzW8J8JAQO4pkv8XxDElhgOurLhgNoJ3PtXRWW+Dycz3ibTC8BRd3JH0wdI9VK5D710RkL4XbfJ2GW19iLVqrF1pBWi3b/ZNHsknc9pMTHIVfjx8mDLyZJdnnRnjhRj+WcstY3ilqu0tHXEtJLn1ajMD9DVbnD9JmY716UfGzw+dw34f73EFpbS3b3tsWyUk6lqXpj02JP2rz1TaJD4QtI1KISBuZNP8AGEV0xb1HMKwnDQ7CwTA5wJqUWWV77EylNraOPA9QKtTLHDZywytaG6tkpuLvzFHVInb9N6vDKvDlu2wttQaAhO+1Zs/JUJVROvc5cw/hTfhaDdDwkk/8tO5ronhHwxRg1zZONspaGyyopkmpZb5IYuMRbhGwNWELX+wWEvJbSooTsCIpfJneXSCS+CX4Pa/LtpM7DpUysHnA0nSAFGoxkMrzJYfPLRobBICZ5kfpU+wzCJb1q2SOhpKXjyjtBWhbhTMELdA9e9P/APvKlpCWLcaEjYx1qKXFypbngsDbkadMIwRxS0kgkmluEoug7RM8JxB+6WhI3HryqeYZiyMEaQHVyOieZNQa0fawNjzAF6Nt9qTt424t9Ty1FW2yRTuGl2wGvgW8Y8fF5ly9u1LFq1aMLdWSY8qUkmfsDXiLxq4rK4jZpfxFh0qsl7sAp0kJO8Ee9ehfx1cZrnKPDn5Kwfb+exG4SwQTBQ1BKz2MgaY9Z6V5TXzyS+UtphI2CTyA7CtCEU3ZCk1oA9ey5BO3en7L9qu8fSAox0qN+GHHtMBPtU4yXh7t7dtoSRExTPYcFZY+AZdV+y8qpPUb1Z+B8PGrltK7loH0NOGQ8sJbtWlONhagNlGTVjWlihpP7QEn93oKWyx0auKDT0RO0yda2KBoaSgdAE0qRhjbaVeXVFS0W4DZJRJ6EmkjrISDB39aw8vvZ6HHxqqI0u20RCDHSKJDaVGOp7U63NupRJCiCecUj+VS0ZTz6kmZpFxj2mORdLSEC20/SqD6EUju2ErRCYT6U6O263N0wR2ra7NSkTOmByA51UuV2iqde6I07YjT5iAB0AG9IbmyQ6AfDge9SB21glO6leu1ILi2UtEISpJ6k0Tm26ohYsclZCMYwTxArSEyeQ/71XOPYc9aObyCDvHKrjv2lAQBqI9KZ7vDG30EqRKjzmmsUpRdSehfJjSWioUsIu2oWmT2Jpv+RTbXU6fIfzVh4nlldqoutlGk9qhWLMqauFBTcjuJFbWGT9jz/kYn8DphLDSVKU0vSkjcHpXq5/s8OLqOIHDm3wTE7xu5x/BmxbXCSTrWgCG3DMyVJE8+c15B2eIu21wNK0gTyG9Xj8OPG+84H8RLLM9o5qs1vMt4sx0XbAqBV28msq9Yp/m62Yc4qD6Pc3wE/wAIrKQ4DjVvj+D2mI2zqXre5bS4hxBlKgRIIrKV9WBYkOtZRaVUMKq2ORSRbRutRW6yrOyDUVkVukt/iLGHMlx5ekAchzNdSODbm5as2FvPOJaaQCpSlGAAKqTNmM/7wX4UwEtWOrUgJ28Yx9a9tz235VUvxRcOM08VMZwfMuWsxX1i9gkqYwldwpuzWoSfEKUwS5yEqkRtFQPhn8TancYTlnO9urBsw2oQlxl9JRqnkobkEH0J9KlxB5WdaZfYNhhrlwYSQnmdqri4xkOZgW7KStR0lYG5AJgfqfzU0vcyW7mU/Ft39SFp2KeRql14utnESVKABVudqhzUegKstzHMfSzgmyiDHOap/EsY8Z1UkEzzBqTYniXzuEBIUSI5EzVdXTxaWqVb9qrySbRMdC9OKKbWFJ5jvUX4h3xXhT960SpTCFOKQj6iAJilhudJmduxpmxi7SptUT5tuVBBpHOn7l2fDliKcV4UYE/qGu5tEukDb6pPL2IqS4jZFp9Rge0VDuC1ynDcv4fajSQhpKSRCZ23MVZWKtpcRrjaOQNaSxKULQm24yojzK1qWEEbDvU+y/bpNjqUjmOdQVhoeONII35VYmBJAsRqBG1Big72RNtbKQ45WSXmnRpJTB5CuGsUy8zh3FvLq1M6C9dOJQ4AAAotOc9uokfeu9uMrSnEuQjUIPM1xnxPtkYbiuC4i6EoatsTZcU4s7JklPXlOqPvWb5jjCX1D3jSbaKx+IVlkWlm2zLl3bXSvE5+QRynvMbVbfw5ZwtMxZet8OvNPz7SAkg8z6zUW472CVYNeLTbJK23EL8QJ30kiTP3qH8J8NcuL9hbKi29I0rRzFVqaUVJDfk7d6O2brh5YYvgikvsoWe+1U7f/Cxe43mK3GEaWcNeUoXF04sJ+WGk+YD97faKlWb/AIicucDOHrd7nC7L968fDs8MtjquLlXoJ2T3J2A7nauFePfxpZ7z7aHCsJxZvLOXlI8NOE4IPCSlH8KnfrV2lOgH+Gm4cZ7aM/a6Z6DJ4hcEfhdwpWF3GY7FzFmm0m6baWLi9fVH1KbRKt9+gAnoK544jf7S3A7nE0jLOUr+4QiQHMQcQ0n30JJ7DnvXCWCWrreAqvHyoqeUdJV19aWWWXbpDKbpSTLp8iVD6vaiyZVFaLcWBZHsuHi18VGePiBwd3LmIM2lngDi0PLs7VoylSDKSXCZO/tUd4K8MXM85zDpZK8LwtaFvLP76+id+3P8UmwjLV6VWeGWFqbnGMRcSyy0kGQVGCpXZImSegrtTh7w0s+GOTrbCWlJfuYKri4UBqdcO6jt06AdABWZPy9Umx7LijiVJ7IrcZZL+O2bSApbaFDdIAEDoZq0W8K+WtEI0wkCiMFwVKsQQSjkald/beEQkAis/wBaUvcVW+yOWOEIXeJVpB35jamniddKwuwP/l6DsgSeXSp/hljqUVQAAOZqAcYbc3GCOpCiNB8Q6TvtTuFSe2C0iacBXEq4f4W1bqcKVtBf7USvcT5vXferZLDpbRbtSVq5xVU/CBhL3/hPYX1wSpTrtwtOtRUUpLy9Ik7xEenaugsJskqcLg5itlQ5RFG2mI8GymizQl58Ss7709vvNWbXkAmOgo2+uPBSANlHtzplxhSbexU6sbkb1XLHxXR0J26GW/xOXlFSgN+oNRrMOcRgzCng4mGwTEzTTjGJuOvKCFQn0FUjxtxe5w/Lt4tt5SApBBXHpWNf10h5RVdnKnxZ8Y1cRM4XRQ8V2zB8NDaVSkKEgn3mRXNa7knV5vzUgzfiKrrEnSlRWNR3qJvObmSY7RW5jVIqasPTcEkDVz9aujgnhjmKX7LaZUuZO3SqLtlKU8lKRMnlXUvw/wCHJwbD14k4ys3B2TttFHw9w4OmdYZXyim3wpoLISoJ6kUXfXNnhzpbduEFQPcGKrHFuJmP3Fmu3sLJSkxEzEfeqVzTdZ1xG6WvQUf4iJqnJFGlCcl+TrJWPWKkCHm1J5A6hTXe4tbhZlSQB2rjJV9nGychdy80gcxrMUrts85nsnUzdqdSP3VmQf61nTxcvc0cfkyWnA6ru8WYKoKwZ3EU3LxdKnISry+tUdh/EXE7lP8AxbSZ7oECpLh+Z3Hm0qK1b+k0pPx2ty/7NOOdtfSWW1iSGyorVHaNwaG5i7awNKgAOtV3eY8sJlSwB6CmtecUMAySqOiutULEn0XepKtlm3eLteFIJAHWmd7ElOiQoaT6xVV4nxIXbpUEALUeQg7VEMS4i41dqKGZSB2FEvD9T2QtPy8ePT3/AEXwXGQr9s4ADy3opZtXFAeOke5rnRzHczXmyA6qe2wo5t7H7VYW74yf81d/ouD7QtLzHL7YOv0dGIwpm7AQ0ErJ5magfEjIdxhtuq6S0S1E6inam7I3ETEbK4aadaU8EnzSkzFdgZTw7A+K3D1du/b6LgoIOoE79N//AJ705DE4mbm8iM9U0zzutrnTcaXUgKBiakbbgabICglLiYUPQ0HidkR/JWab7DrhBR4bh0AbHTO1RZzFkW7IaUFCOR51o0mtmRL8s9O/g8+LZrCOCllguN3inrrCLp2yQ94n1tAJWiR0gL0/5ayvNnC79xdoCm6DYnlqI/rWVlSxpydP/r/2V2/g+j8GjByolJowKqcGRPsvaBg0KgVsKrUjNAUCqCY9kvEF4nc36cVcubIpBTZuJ3bO8wqdxy2jaOZ6TrUKhHF7ida8Lsou4ittV1iT58CwskCVPvEbeyUiVKPRINXKSfQLVjEXE24/aDy+o2qneN/BHAOMdhLqVWOKMwq3xG3hLzagZAnqmeaTsd6Zcm8ZLqzYasMw3hvH1rWpV3y5qJAiekx15VODjbT4Dts8laFcikzVnKgHFrtHMdjxdzN8Oy0ZLz9Z3FxgiV6bDMbSSpp5JAhKzzQoGRB95O5qxMs5tw7OLXzeHXjdyyTspKxse21T7OeG4XmrBnrDF7Rq+tX06VtPI1BQ+9cr5x+HLEsoXb2KcNsZVgi9RcOHukllZ7A9PvP2pXLHn0wotVs6cavA3ZqStwKgVDcTu0qdUUTsfq6VzY38RudsgtfL58yxcMp1aBeMGWo5AyJBn3FTLBOPWUszNpS1ijTTxElt/wDZkfmqG5QVMJK9xLQXdpA8yt+9RjOOZLDA8JuL28f8G3YQVrXPIf1ov+3La7bSpl1DqSNi2oEVNOA/CNnjlnBy9xRtp3KWXbttT7aka/nbxMLS0Dy0I2K+swnvUzyQxx5MFfVok3D+7usuO2ljiM292thu5+XXIcbQsSnUI57Efar1tLpN/Yjbp2E1VvxP4E7ljPWWcz2iALO4bVh9wkbHxBqW0qeQEeIn/MKl+TsY+ZsUSdUgetaHhZ1ngL5YOOx7t7MB8GCN+VTvC2ibUQjpzUYqNtAOaSFRPrzqSWLgSyEyY96fUGhSck0VfxasitpZ5ACuPeNWGuKybjJZbQ+40yp5CVgEakeYc9uaRXbXEmzTcW6zyMbVzFnnLyL6yv7Rwyl9pbZKTuJBG3asfzsdysd8R9UVLmm4bzBke7uVuC4+ew0qSpCuaiiU+h3j9KqLAOIVjwjyReY1dw/dMo029vq8zjhHlT+evQTT+3id3hHB3BLV9tJxSwaVZLsAVBaEolKdXI8kj7muOOIuY766LOGPuOFlgydf1KVykwOfP81Vix3FGhnxyW5IaM8cQMZ4i5juMax67Xe4g8Y1HZLaeiEDklI9KjiVqLkETPIE7ULxIOwEetHWVou9uEpaQVmeQE090qFFFydIsrLaDjqrCxaTDVugFQPInrVsZbwA4qtV9eLYtcOs5TqdVAEDcn0qB8OfHwtAtF2SrfxlQu6MylPtVoOYC1nO8wXLuGFbeDpvrU3z8HdoOArn7AnfnFY/kPnLgvc3cOGXjYnlnGv2XH8NvDC6fevs/YphT7dw+2LXDGnmilVvbjdS9Pdw9ewHervYwO8xBZcLKwnoFpKf51089b2uF5JebQ23aeI3oTpQBpkQI6VU2JXItUaVK0pA/eOxqJ+JGEe7MWeV5pW0RLCcvrtXQ67DYHSJpXiVmw4sKLwAHQ8zTFmDiFhmESl69Q2OxVTHb8R8HxVfhs37KnDylW5qiOKC9guEkrolVzeIsGilnYkfVVWcRHnMUwm/t23FB55tSEKABIURAMHn7VMXb/5gQFBQ9KhObGwoKAHOm6iumBSLy+Fa7t8V4E5RVbqBU3aqYdJTpKnEOKSs/cgn71eNnarQ0NJE9p3rmP4NMYDGVsbwJ5Qt0YXirvgtKTo/ZOgOBXYgqUvcdu81PeJvxI2GUsVGWct2Duas3OplGF2I1FsctTigDoTPUivRYYxlBGdk5KVosq/vGre7HzK0tJH7zioFU3xq+IzJ+UmlWi8XZeuUCPAtla1D3AMD80zK+H3idxti94gZjXlbCnYUMFwZwFUfwrdKZO2xA/NTHJ3wu8OOE7AGF4FZuPJlRfebC3FE8ySapy4m1rQUM0brs5wueNmbM0p0ZYyLiSrdwBSMRvoQhSf4gORH3n0rn74gMzZ+w6wNrmS6tUs3RK2ra1MwkHqYG/pvXofnDHbfCLC5W0whDaEnSEJgCvLr4ks+O5hzQ5bKUVt2UtBaju4e57mko44xHVNy/BRN9eLcdUs7An3pruHA4JBg9aWPOHUTG3YU3vLlX0hNWkjrgFt8xiFs2mCVrA39679yfkxOXch2T6UpccW0FJSB6dZ6zNcL5BQLjMlgg6VDxU7KEjnXpHlG3Rd5PZbKtSEp21DeKCVpaQxgSlLZReZ835ksw43h+F61/wB0f/BVb4nmjNF20+5iFynCw2JgshSjv0BIrp3Ew1bLISEx6Deq+zthNpjNufFtWyO8QTSyyx6kjayeNOa10clX/EXHFPqQu6DsGNxE0e1mPElIQ683KFfvJAqwMZ4Z2qbpTrVorV0BrMP4f3V2sNfKkp7RVUskHpRF/Qyx/wB4w4Hiz908gJQtQJ6VfeUMo3GI4Um48BZa5FQ6GmTKXDK7tHkBNr4fY6a6Ey3gtxheChtfmSBySnYUcVFK6GcKknTdlO43k5bLR8pIHYiqqzXYO2ZUBMj1NdR47aNhtShp1HmQKp3PGGJuQ4CRJ6GsWWdxnTNlYlxs5+u7h0E+LIE7bUQrMDtmrW3bBcDmdx/OpxiWVXllKfDKkEc4psOU/BUUKYTB7k1oQyQStmPnx5G6iRxvipfpTobt2dQ25RTmxn3E7xtKnbFGkdU9aCciWzlyVhso36bin6xycvWgIalHdRArp5cDXQtDB5C3yr+zMFzoHLhKVWQCp3I2ium/h94pKwDGW7J4arG6hMKAASqdveZqoMDyo00lJNsgnqDU+y3ggtX21pTGkyAE70lyhf0F7wTmvq2Pvxn5AtG7mzzOw0G1X/7N4oTqClpSAnlsBpSa45vVNsk62UK7HlNejuLP2/Evg5fs3jQS9arUhGsEGUxCpjlv68q898+YJ8ji1wltopSlRgRFPYmmtmZkxxi2iJqvgFEJQtsfwgzWUStspVupIPasq30l8CDir7Z9NCdqGDRQNCBrBxZKWhpoMCq3qoE1n3p1ZmgKC8RxO2wjDrm+vHkW9pbNqdddWYCEpEkn7VwZxP4p3fEjM1xmG5SpjD0Dw8HtXFE+CwRu4UzAWuTO3KBJHK1/iv4qN3l4zkLDriUICbvGVtnyhIILduduayJI7Ad65IzbmRJcWNWiOiTyrTwzqPOTLMeNyZvHswF0KhWoz1O34pPlvjJiGULkBDinrYHzMK5faeVVximOF95el2PYc6YrvFiuElUkDvVeTynelZtRwxnHaOt8K4/YPmkIZW6LC4PlDb6gNR7Dfenc4r8z5kuakdK4XevVtq1IJmZkEg0/YLxXx/A1NoYvnFtiJbcOoe29BHO5vcRLJ4Sv6GdeYi6xeo8O5Ybfb/hWgKH61WGb+AWR81MrdVhbOHOkqcW/ZpDRnmVHaPXlUfwv4hUNWJdxLD1gJG5YJUpXolMSSew3rtThF8ON9mLLVnjucbJqwublKH2MAuh4oYGoFJuYIC1Rv4Y2EwSemjjdLlEy8uFwdSOXeE3+z7x7O1/YXDWc8fwPJanAu5fLgbuX2x+5bkJEav4zsByCunoHlu0ytwhy5Z5cwTCLrDsJsk6G27a0ddBPNSlLglalEklSiSSSSZqdtWvhNIRsNKQPInSPsOgoi/LrNk+u2bD1ylBLba1aUqVGwJgwCesVkZ8Pk+RO5QX/ACkApRxquRXOf7nAOJGW7rALhq7dFwjUnTbrGhQ3SrVEJIIkSZqmsjXN1gty9hV44A/Zr8JYSQVRGxI6SIMetdS2inzaI+cDYuCPOlkEoB7Anc++32rnfidZf2dxTVctNJQ3d2idSkpiVpURv3MEfin/AOPw58OTcKX7sWy5ccl9xP8ACr4OpTKj77ipGxdhoRJNV9l66UtoEyAO9SYX2pOxJ7kbV6mrM39B2PLF2wpJSeXfaqTzhgKvEcWlEirau73ShW8g9zNQnHil5KgFJUf1pTyfH9WOhnDmUHs54/8ACyxxfEb/AMZpSVKcnz8lSAZG56k9uXLv51/FplZGSuOGNYU22W2koaeQD1CkA7fy+1d3fFxdY9lzKtjj+Xry6tH8KvEu3abZZT4luoFKioD6gklJ5HlXnTxrzhimd82jGcXf+bvFsJZ8Uxq0JmB+tZGPxcuJ23aPT5f5V+TgWBrSII2nWvypM11PwE4LMv4VaYjiQSh+5T4nhOeUoT0/Ig1yoHdxzT9qmdpmrGsXLTL2I3T4ACUpLytIHICOVUeVinmjxjKirwfKXiZfVq2ujuLMmBZRyjgjq2lW97iIASi3bKVKJJiSJ5DmfQUf8NORRjmPpefbSELuEJCikEBYlQIB5ERI9vaqO4e5XewrCw9cyq6fgkK3AHT+ddU8DrhWX2GSkBJS54nfnsY7bUjgwRwSSk+THP5H+UzeeuMpa+DrvOmLWtjl8W1xofSkAlKwFbjcHfrIBrjXjdx+aw1VzbWi1oCAQu4mNJnl710Bm7MCcTwhZQolZTzI5V548VsBxS5wrEMPcaT8x4xeUrbUsySYjvPKtWf1IyPHiuWyOYnxdxPHrx9NopZamfGe3JpBlTiTeXOPow/EFttodXoTdxHhnuY6VD8NbviwuxW06yZmBPPuRU34f8Kbi9uPnLhRSVKKW0GNRO28UuoNfg9FKOCELf8A0dKcE8w4piuAOpvVqUWnShoqVqlEA8+fMmp87hxxML1BSinmYpp4fZYdytl+1tFJS4tCBqeMalk7yfzH2qxssYcboLWUAz/dpf7pVf8Ak8/lpSuPRWmaBmrKmAXqcmJQjF8ULVr4yx/ywpenxI5HQFqMGuuvh94RZZ4U5fQxh7Zv8Qf/AGt3il157q7dO5W4s7qM8p5CANhVcPYH4bVutpKWyjsIqwMBz3aZWy89eYo8GmbcQpSolXaB3J2itvw548SakzNzQlk6LdxAhbZUpQQO1VdnzP8AgWVrV5V3ftIWAf2aTqUftVT5+484lmALYwlz5CxMhRmHFD0UCIqgM0XCV+LcqEvubLcJlSvc8zVufyU9QVjXj+DPubpDxx1+KHDDgt1aYXYulwpIDznk/T/WvPPO+NuYzfvXTgAU6sqVPere4vYws3CWEkKB3ISN6ojHroqf0CducCkoty2xjJCENRGonzGSKSOzrJE0og7wZ+1JnHFJVyj1o7b0LUh6ycq4/t+z+WaLz5cToQlJUomeQHevSjg7mIowu2w29KrW98MBTD40qmI5HzfavMrCMSNpfsOgnUhYIKTBB969a/g+zuxxO4cYeMTct728Y1MPN3luHDAJCSTz3TG8U14+JZHV0GsscW2rG7HsprcLjvhpWF9etQq+ykogjTt2NdkXHCPCMWQEvYDZpaUSSuxxR5hXpASAPtMVE8Z4J2TVyhFnh+ONNH6ii8tlhPvrJP4qnyP4mc5cotGvg/lMcVUkcrDIloDqfZSrqOtOWGZftC4AhtEDaO1XnecA2n1qULfM4VMAtPWJPvHKktz8NBuSks32YreE7+I1bK1Hv5U8/YilF/G54sef8j4s19zX9f8A2MOW8sWjSEPKZbXt/CKccZRZMsKQ0AyewgTTjg3Ci5wNG2KYwpCdlJdwN0lXuU0vvMipuUpIeuY/e12DiSf12+9Ny8fJGNUJwz4lPkpFH5kZSlC45E7b1XWM2aVE+IkOE8iZ2/Wujcd4d2iyUOOO6o+rRFR0cJMNvQUqfviB2SkfiRXl8/j5OTdnoo+bhlCr/wAHOL2GJGwA26k0ldwJu8I8iVnrAroh7gZg90+tPi4u0U9U6Qk+0pNKrTgphFqQE296+R++64Af0Apb0nH33/f/AKFn5OG93/g5pdyKhC9baSlB/cUZP6UotMrobWFLBhP7pO36V0yvhVhrrJ//ABSzBgBy4g++1AVw0s0t7YOyByPiPqH8jXRxyf3NAS8rC/ts59Q0hhH/AC1LHfsae8vvOm5SNEAQfMDBq7EcPbJkN+FhOHuJmFh5ZgD02VP3ipZgeWLKzcQWbWxt55lq3T/pTEYY30xPJ5aquLIHmHFX7DhbiAwu2cuL9xsJbSwwXYVPYA/rtXI/xCZdewrE7W6SwLZm5tkuHUYPiSdQiNo8v5rvPOZ/s63dfVcF5ppBcUhCNAAAk9687ePnGVXE3G2jb2ybfDrZJQykL1EyTJ5dduvSr4clPS0Zk25Ju6KcunVqeURpj3NZSV18hZEI/NZWncjO/s+nWtzWqyvHJtdDQKarfjvxVHC/JynLTSvHsQJtsOaWJAcgkuK/uoEqPeAOtT3FMVtMDw64v759FtaW6CtxxZ2AH8/auDOMvEl3OebsTx5111NkpPythaPbFlhBPn09Cskq33iAeVaXi4vVlcukclb0VxmvMjjb90XH3bm5fcU89dPrlbzijKlqI7neOQ6bVT2YswhxxaSuBzKpp1zZmRV044hEe5NVtilxqWS4Ez/EK1J5Yv6UbOGHCO0BvsT8QwpzXG+wimi4xJSvNq1R2VvRNy+uFKSJHed6alXniKiAT686ojCbeloZ9Tiux3av1q2ClK96dMNs1XKiVNwAJKjSHA7A3i0jp6Cl/Ea7vuH2UEYg1blhVy6Gmn5Gx76ef35U9jg0+hHPkVWkdwfAb8LzGZL2x4n5tabNrZrK8BwV1Pm1jYXryTynm2kjl5uor0LSua8f/wDZ8fFMjhJjmL2mZlXV3hGItF7W3+0uF3OoAAg80hIgCQASdjO3pxwu45Zc4tsPLwb5y2caMFjEWPBcVuRITJkbHetBbMDIsu51aLJWqE0mUvvQS6Z3rRX6VYo0ITy8jRWlX/1VGcbkKbzXhi9kJFu4vVpB5KSCCen1D9avJSgRVdcYMDRiWCpdLfiLRII7pOxHt/pTOLUhbtkMy84hxpKgZMfYU5OOFbhKVR3qH5cvEohsGNJgAGpbMpEKArQSTXYcr6E2IvrbElUyORqP3V2VJMrI9BypTjuJptkmVDbrVf4xmRTgWloj7HlS05cdHRxvuym/jZxz+xOAGanmtK3bgMWZJPJLjyEqI9YmvMLHCnEktS6Ekbb13t8cmMOf+Bd6w47s/fWyAFbFagvVA+wJ+1ed7wUs6hO1Jzn8jkLSA3lkLK5SgL17TNWzwLy81juKPXCgFfKgECOp6/pVQuuKKRKpPrXS3wz4Y3bZMvb8pOpy4WSSJgBKR96UnLVoYX5LRwu0ReYnb2y29bSVpJ2kbGavbLVmnD2gW1bRyqvsIym9g99au3QSlx9sPaR+4DyB7GOnrVlWYQ0kQokEVjZbbLlBvaHxWJF1otiQD1qv80cNbLMDqnnX4eJkKBn9KlrgSrzTMetNNzfJ8QjUdukUEZuOnYate9Fc4pwvS6x4Cgz4YI/aJbGo/enbLmWLXL2ktpSpQ6xyqQvvHcpIA9aIStQ5qSJ7datllT6jZYuTX3DzbYip9SWwdh6VbuQMND9ly57yBVO4U0t64SESd+0CuhciMpssJSvSUqjeRE0WKpO6opmKryySvDlpAUSyqdI6/wCoqAcUsrjN3DjFGGA785bJF4yhhQCnHGjrSj7kR96s3DnRfXTjXIL2NMV7dMZexF1DziGm0HckxFNcq7AjpnJmA5n+Ys2iT/zEA6VCSJHLekucHi1YOEGJHM0tzjhVvhXEDHHrB9Fxg92/8zbpSd2SoStHbSFSR6H0qIZ/xlhWHKbGlEJJ1FQFXR4tdmwpvhuJzrxCvnH8TeBOlI2BmaqHElrN0s6iT6irFzJeN3niuI1byfNVaXhSbgxIk0aTRl5NsDrlO6SD3pI+4SqNVK3COU9OdNzypcO1H2UcQ2zH7dJ6zXY/wa8TX8qZgFkt1SG7iANx94BBE/ziuObF3w7toxI1DY10jw6wtFsvD722SErBSpRBnfnVuLJ6U0xjHj9TXZ6yYJm62vcMbcacLUiTpMfpRGI40Ht03pUOupcf0qmeHeYDeYDbJTqRKADKgd436VK2mru9JSCFJ9pFek5KStFz8aCJQcSWpJSi/wBz/fFG22IYq2uGsUdbHopJ/pTPhWVrkv6lgQeQFSNvLCkqGopT6Ez/ACqFBvspeCAFWKZlSCWMT1eimQr/APsBSpnGcxFkB+6YWCNx4ZSR9t/50U9hSGFhWv7pJoCUp1aNe/8AeJrpRXE6PjojOcMQuWk+I8psnuCagis1X6yQ24lKE9BUi4ltOC3UlLpj0JMfaaqa3cW2UgK0rH1KUSJ/WvF+bjXPujb8bx4yVWS26zLiKyEoulAkdESP5iki8ZxHwyl3EF7b6iAP5Gm190eBB1auYIJoy3Y+cZ0KSAsjZSRv+axJRaHl4kF2zHMUvXlhRxJxpEbDxBCv60jfxt1hwlzEVLB2jxKT3uAXrG7DBcMzr3pjxLB8SuD+0sCSf3jRQU/YZXiYWrsldlmBgyXbhZCTAlZM+sD/AEqS4BmO0cdEOLWgfuhMn8k1UTGBYmHwAPDA2807VL8v5cxAvIcU+NCd/wBkeZ9RFXrG+62UZPCx+w+cbM4JtuHeOpt7V4q+UcnfSo+XcAjlI6zXlnmS8U5fOKKinUSQOVeouLy627bX1qH23EFtSVJkLB2gjlXC3xL8HUZExwX+GMOIwa7GpCVSQyveW57QJEz132pjFlipcfcz/J8RRx8odlDlSjyk+tZQfAJO0isrQtfJ5prZ9Q29J8RxK2wiwuL29fRbWluhTjrzioShIEkk+woVzetWTC3n1httAkqJiK4+438a7nPuJfK4dcKtMuWi9TRacUhV4qIJc2HkBmE7g7E9APMePglmdRehxsScWeMd1xIvVvpLlvl23M2Vgf8ArQZD7qdvN2SZCefPlzBn/N/zLi9TylSTzECnrO2cEMNrhxJcMjc71RuYcwKvnVJK0QBsAIFb8+OLHwhr+h7x8Ll9X/wI8VxhRfVqUkgnnTHf4glSwjUQjumkV5cruVHS4CB60Qy6SvSshXYTWfDHL7k/8UbFxUaaFoQH0ftERPJUjcUnawguXI8NEpJiaf8ADsNKk+IsJ3GyQJqQ5fsbS1u27m8RKG1BXg7ArjpPSnlGSp2zNUXlnwxw2SThpwmxnHbV26t20W7DcAOvmAo+gHm+8R61MMUyfh74RZ5pt3cTYYJLaS1qkj+BPMk9BVlZAz/Y4kG2GLJu2EABtvzf0q7+HfBmyzTjVzjuZn3kWzoQ3a2DDaQoJTB1KWd51SYHKB61pYo30xXyG/H1lVNHI3Fj4bnuCOTMP4h32FLwDCEYnatGyef13rniqIBdj9mw2iAdKJUZ8xBkVbHCdGJ4xmPKqcPvnsMdusWtkgNrIIQFa1gnl9CF8+fKu0uJ/DnL/EPhtimWsbaN5g9xbFCvmVFZTCfKsk7ykgGee1cW/Bncv4ri2UGrx1V06i9ulW720vNNIcR4x7A6kbcxqG1PSxQmk62ZuDzZuM4y38dI9EXCDG21BKTzik5dBVAIJH5oLqlK/iHvVaiYM5JthxgkggUw5uaTcYS+39EJNOLq5I1EAUhxNaFWbu8ApPKmIR2gYON7OZ7W+dwvGHW3N0hZAMkzvVi2F+3iFumZBjeq2zPbLRibxIKDrJjUT1p9y1eqSlGpyE8upqY5I8nFGhLHcbFeZcKDqlQo6fXeoNd4FC9uX5qy8TcSq3gLCh7b1F3AUlXlEVXmTsKFJHDv+0duBhXD3KWGJ0zeYmt47bjw24//ANK4LtrR6+8QIUIQnUozG0x/WuuP9pFmA3/FbLeBAJ8LC8JNySk/9R91Ug/5WkfmuVLBa7O2fIVpQ6nQofxCQYP3A/FLSWrZfGSehqUwUOQTqrvr4HOHzeMcMk4tfNqctUXjqW0GNDihEiOe22/r6Vwi4jQ0twq6bAV6z8DMuI4bfDxk/DLuGbpNgm4fSnYhx0lxQPtqj7Vbjiq5IibmtIIzbYtXN4FQlCkmNhJpvP8AwqBrcEAbAGisWx+3cuFlbqdE9TuaYL/MYdUEsgFHasLzYuUriN4YWtjjiWLqLZDa4J22O9MzV+6SoLc39RJpvexFSySBoPU9KJXdIQjUojWaUgpRW0XrG7HZd84UFSW9UdzRTV/rVpKdJ/SmNN64VFKFEj0PKnrDcPLzfiKcKk95qmbfRaoxRMMnvodxNhpSoUpQA8wgmug27xrCsGUp5YaaSndSzArm/LeNW2XsSFyUh5SRsn170pzJnzEMyLIVc+GwP3EEgU1gTSuixYJZXpaJ1mDjW3gji2cLQXXxuHCny1UmbuIOJZofW9d3Ci6f3QSEimu/xFttSkqUJ/iqK4ziYaClhxP2NMSnGKtsdx+PDH+wzEsYNuIUZVEkk1UPEjMvjsqtyvStR2Bp0zJmZKgQlwpSBuSeZqk8zY8cUxJSkuFQRsNNDDJKfS0HmioRvYmxW/U0w4kkBShG1QK+UpT/ADMdhUhxB3USVOET0majl0seMIJ096ejdbMHI7fQI6g3P6k0kJUoyTSl/wAqBB1A96T6qNfgpTNJOlQO+1XhwkzDeobaLKwpLf8A03NxVHlXrT3lfN17la+Q/aqCkgyptXJQoJcq12NePkWOacuj0C4ccbnMNuba0usHcdQqEa2CCZ/zEV07lfiLgZ0G4S9bqiYW2f6V568LeN2EX19a/wBoAWKpEuT5RXa2W7vDsXsbW7sLti9tnEiHWXAsK+4rZ8HPNxrKa2XLhn9qLtHEfKjDCS7irFqD1uT4Q/8AdFOCcasr4A216w6hQkFDkmqwawO2cSCEAKO5JIo1vLFjcHdsKXy3SD/Stz6ZLsSlJLpMsrxx9QUHI7GaZb159bpUGtIn6v8A6qIHIrFudVm87YqO5UwYpJcWmN2RItsUU/HRxRFLzg/9rTOUos1nN9VwlQOokDnNVHc3Atb06WxAMDflVl3TGNvlRuQ4W4+pACxVX5rCrS5UA7CgZ3EGvMefgn20a3hzinS2O9vfB0BCoE8hFGFpTPmAhPcHlVd3WJ4ipJCLhSUn12pqVhl7fqPiYk8esIWoD+cV5t4re2bSTe6LeazOi0IS/coQiYGtYAPpuaNueIGE4Vq+aurdlPULdTVPJy0UArVcrVPNWsVhynbOHUFFxXUrVz/FWxjBLUgJQiy1b7iVlbw/ELwWojmygqP6U2McW7LCrhKrezdfYWNi55J/WoO3gFrZBKlFKQOvL9ajWdeKGH5Ms1hSmn4TsgKBJqYzSdXZVwhD6p9fssXNPFZd6jUygMT0BJIqk+M+enb/ACnc2F0+hxSilQamSOurYbdOu81R+a+NmJYw+54bhtmz9KW1GoDiOP3mKz476lT/ABGmI+PyfJifkfyOGMHDHsA9CXVAKET0rKTJWojv6mspj0/yeSc99Htvmz4gsYz7gKjd4ezgVo+dbdqH1Oq8LSIDitKQTMmAmBtzia55zxnRLbLqW3UyOqdhUizitUOjUYHITXP+eHFSrzH81oelDFD6FQzhhGUhnzHmZd+olT52O5A/7VB8UvwtRKFao5k1rEHFlSgVKI96j92tQZVBP5rz+dc5Wby4wSpBirkPSCsDf92luHo1rTpUIHPao5bKMczUnwL6U05gxLJG37BTScboli8QYwjDFXSwqEjbyySaBlrE7jG7dd6oOBjWWwsglM9pqxOHeEWOK4JcN3tlb3jZCgU3DSVg7diKmeY8Ns8O4YZWatLVi2aDLUIZbCEiUydgOp3p54/ThaYGDyVgtxjsbOD2Zsby5jLYYtWHEvKAL5bGlA9dq7h4acXbO6ul215aFllhCP8AiOilmdUCIgeXeep5RvyLkNtAw7ZKRv0FWjgh8JIQjyJUJKU7AmOdU4cs7uLox/Kis7bybLk+LnjSjLnBduyy/iMYxmt4YVZ3DBBLLSkkvPATyS2COm6hVZfCzimC8NsKx/NOJtvf2ZhTVvhNqbdhbqgpUKc0IQNxHhSeYg8gN6N41qUrOuWGiSWrewdDKCfK3LiZ0jpyHLtXSvwsoSeH+Lo0jQMTWQmNpLTc7VpYcznJKRkyx+jhlHG+zpHJeerDP2Cs4zhBeXZPEhtb7C2VGDB8qwDE9Yp+K3SFELH4qEYM4tm1SG1FAnkkxS9u5dKiC6sieWo1oNK9GI4tdskbjq5TuPxTfiVykWy0D96fppPaLUp7dRPuaSYso6F7nlVlUW4o2ylc3o0Yq6SqATyVyrWApKWC4gk77KEEVmeDF4k9Sqj8J2tttt6ylN+rRpyXGA6quVLYOtIX/ePSmS5eZUSNQJ7U5uqPyp3NRbE1qDgAUQJ71pSbYlFo8sPjNxxvGPiSzqtJKTaus2cDfdtpAP61SiXSm0CpEFRAGrf8VO/iNWpXHziKSST/AG7diSf/ANpqtSd0jpWfNu6sfio1dEgytZHGc1YJYOBKhc3rLQSrkZWBv6V6X5xz6u5bFqkpbZQgIQlAjSAIAjttXm5w42z9l/8A/mt/zFduK87p1eb3rPzOUVSZdCHJ3YqW8XiVLJPaBRLl4pkEDf3oVvzPtTdcrUH0gEgEd6zGmvceSVUhV/aSYPNKvXlSc33juAE6hSJ0nVz60osQDrJAJquTp0dtPY94egLWlVPyWHnkaQQ2j050kwBCQU+Ucu1ON4ojUQSDFWYMcMu2h1KKSdf5CHXGLJBGqVDnNR/EMdDZVpV5fTasuSVayTJnrVW41f3SMxXTabl5LaeSAswNh0pjJjrSZqwbjHRKL/HXHlKSE795moZj2JFMkn3g0+YAkXeIYgHwHgl2E+J5oGgHaah2YCU5nDIMNFoktj6SZ7Ul6Le3IWea5U0VjnbMrja3Grdwgq2MVDGZbQXXCdR5VI88NoTiioSkb9BURvySBvT+OKSpGVnk1OmzVy8XDKoJppuV6nuUD0pUeRpI8YUqnUl0IzdMCtyUgTI9aBFbP0ViNxXNUDZqs50YBsaArnUJ2QnsVYdiTuHPhxuCOqTyNXFw04h3OGP+NhF+5h14SCtDRjUe5HJX3mqSpRh7i2r1lSFqQoKG6TBoWqfIZx5nBnozw1+JjHk2iWMXYbxMpAAdUAlavUxtP2q6ME46YBiJQy6pdg8of9VJKR/m5CuGskurNrbErUTA3mrRw9aioeY8u9afjeTKf0yRoZsqpUjrRzOTF03/AMNcIuERI0mZpIxmRsuBxTZMdjEVz/YvuNoGhxSf8KiKsHLrzjls3rWpW3UzWq1xV2RicZK6LGxniGxhuGrWTpgcxua5uzNnt3FcZceWQUTuCZqb8Q1KThhSCQk8wDtVB3iiH3BJivO/yGST+mzb8fGlHkmTR7M7DgMLGwmCIP8AOstMaQlJU4uEq5SYqAPEhKSNj6Uet1am0ArUR6mvNyfBDayuJO/95mWVaS6haZiEHVWzmN65kMN6B0URFQm2AlJjeaf7tamsICkKKFd0mDVKyN7OWb8DPnfO7WW7F1y7fK3AJ8HVH9Ca5SzhnK6zHiTjzjvkJ8qANhUt4w3DrmIr1uLV18yiaqpdavjQ5LlJnn/5DPKcuC0ga3NR+qRWB4zuJoo86xA3FaFUjCehcnUoAwr81lAkwN+lZUcEyNH/2Q==","2022-04-18 12:11:54");
INSERT INTO users VALUES("91","mark","f1b5a91d4d6ad523f2610114591c007e75d15084","user","20241004105155172803191566ffacab8dee1.png","2022-05-18 16:36:50");
INSERT INTO users VALUES("102","Maw","d8dba3379c7f734be48d95426bb8ee0f2b86a8cf","user","","2022-05-22 19:01:16");
INSERT INTO users VALUES("104","Mac","08bce2d9a3206bf0d7143d86833197a8534fabc6","user","data:image/jpeg;base64,/9j/4AAQSkZJRgABAQAAAQABAAD/4gHYSUNDX1BST0ZJTEUAAQEAAAHIAAAAAAQwAABtbnRyUkdCIFhZWiAH4AABAAEAAAAAAABhY3NwAAAAAAAAAAAAAAAAAAAAAAAAAAAAAAAAAAAAAQAA9tYAAQAAAADTLQAAAAAAAAAAAAAAAAAAAAAAAAAAAAAAAAAAAAAAAAAAAAAAAAAAAAAAAAAAAAAAAAAAAAlkZXNjAAAA8AAAACRyWFlaAAABFAAAABRnWFlaAAABKAAAABRiWFlaAAABPAAAABR3dHB0AAABUAAAABRyVFJDAAABZAAAAChnVFJDAAABZAAAAChiVFJDAAABZAAAAChjcHJ0AAABjAAAADxtbHVjAAAAAAAAAAEAAAAMZW5VUwAAAAgAAAAcAHMAUgBHAEJYWVogAAAAAAAAb6IAADj1AAADkFhZWiAAAAAAAABimQAAt4UAABjaWFlaIAAAAAAAACSgAAAPhAAAts9YWVogAAAAAAAA9tYAAQAAAADTLXBhcmEAAAAAAAQAAAACZmYAAPKnAAANWQAAE9AAAApbAAAAAAAAAABtbHVjAAAAAAAAAAEAAAAMZW5VUwAAACAAAAAcAEcAbwBvAGcAbABlACAASQBuAGMALgAgADIAMAAxADb/2wBDAAMCAgMCAgMDAwMEAwMEBQgFBQQEBQoHBwYIDAoMDAsKCwsNDhIQDQ4RDgsLEBYQERMUFRUVDA8XGBYUGBIUFRT/2wBDAQMEBAUEBQkFBQkUDQsNFBQUFBQUFBQUFBQUFBQUFBQUFBQUFBQUFBQUFBQUFBQUFBQUFBQUFBQUFBQUFBQUFBT/wAARCAD6AdQDASIAAhEBAxEB/8QAHQAAAAcBAQEAAAAAAAAAAAAAAQIDBAUGBwgACf/EAE8QAAEDAgQDBQQIAwIJCwUAAAECAxEABAUSITEGQVEHEyJhcRQygZEIFSNCobHB0VJi4TOCFhckcpLC0vDxCSU0NUNTY3OEk6JFVGR0lP/EABoBAAIDAQEAAAAAAAAAAAAAAAECAAMEBQb/xAAvEQACAgICAgICAQIFBQEAAAAAAQIRAyESMQRBE1EiYTJxgQUUI5GhQlKCsfDR/9oADAMBAAIRAxEAPwDnyx7VsOLY9o+wWNDJ0G/lUja9pGBPgJ9sQkEwnMQJ+cVgSsPLrpZSuTPXT5fOmLiVpeLJECYBIg1k+LHei941Z1Lh3ENhf5QzdtLjUZVhX5VJoKXEJUlYWnqOVcm2WI3NlcBbbkkGQOU1rXBPai2hLdtfhTfLOT4R86qyYfobg/ZrARlOYkK000o5SF6xqOdIWd01fsJdt3UOtkaLSZFO07a8qytKvyK1UehEtB1UkHL50d1hLjRCpM6edKFPxFDBkH4xQvemTbGVs65audw8c2bVDn6etSDalEwdtqRdZS+2UEnqNYINEt1KZysuKzx7q9pH701tsWqHcEzMKnlR2gBGb8DREGQD7pFGRvsDpVm0St2wcsKPhgzoDR8kEK1ED0r2iEid956V5IKpg6dKidsgpAVrGb40dKQkjWCTSQnbVIPKKUjKeh60z7GVUHzZdd/TWjIKgJmJoiCVAq0ietHAO29Bv6BT9g6hXX40qFGPe0/likkgAxvR0nUjag2ydaFUHxFRVA310o+dJ1EQfKk0wIBNezxGsGpya6JXoX7xKYg6dI3o6XNdNabhSvI+fWjJe0giPSmsKSHiXDpOmuoo4XoJMimZUDrrA21NGSsQQDqemlS0B6Hza8u8SelLIe8POfOmAUY3rxdpLbYyX0h+HzkP8XQ0ZDsgSY9KYFZO+3kKUS4E66mnuyPuh8lzeTtSneyR5edR5d8QpRTgGoGvnQJQ8CpIzHzpQPeGYJHWaYJc0mdOlKoWSNtOppuvZB+h0xO486HvCoa0y70SBsR5UJe6/Ohy+g0O1vSmJmfwozSgAPEBTFL4WuNdKOh7KoQdfWmcq0Ctj7vJIBIjfzpIu5SdCeZNIOXOZJ0jzpNLukJ386Xk+w0Oe9B1J8NeK8ydCNNYpmHp3HrRkuFOhM6b1HLWxaoeF7pp50AXGsg02zqI0OWg70ncxVfO+iUhcug6kCaKt+RvJpuXAdArc0IdH3oKRvFK5goVU4SQDsaItRVttRHXAcymxoBIHOky9yg7czQ5a0gpfYqXsyv5jzFAVCCJE+dIqdKdTEAazUfecRWFqod5cICtkpnX8KW3dIiVEkVcyQnlrQFyVGJHqN6jk47bvKlLqQU6kg0qL5BUnxgE7AHejUl2S6VodEyCCD11NFSuU+KUkdNKDvEnUmI31oqnJGkDzNJb9iq7sWLmdPiMA9N6RXrCY05aamk+8GY5la7AmgKpBIkzQZGhUSRqYVziigkTBnkcsjSiJPhJ1SfKjEZkaqPpQvYOP2wTCto/vAzXqBJBHIHnrXqlsXh+jkNjAX051rgEnlURiWEdw73ioIKpMEmt+u+DEs22TKjKE6FJmPnVDxPgy5uVZbdoqClaiNeelXYvI92dp4KMytcOS89KRlRPIUrdsptlLQCBB0AjMa1ZvsgxFpaR7OQkjQkEEjpy1qtcZ9nl1w4gXFwyoIEIzqmOvPnWvHnhKVWZp45LsjeB+L73Cr9DDTykMqOqFmU/LlXQdk77QyhRWFFSZlJka1yjbqUu4b7s+OdIG+tdP8JW7ttgVmh1CUKLSZ0nkOdJmSsolSWiYyESBt1o4TmBMkn0oyU9SCfWRQ92YkAkVmVIpW1QkANZIHlRHLcPpUCTl26a05ygakHp0rxZ8OXX50UvoOkhpbr7uWnSSoaJMaKH7060Rt73ptRXLZp1vxE+WuoNFt1we4cRCxtzCh5UytEQslQBPn5f1o+TYFJg7TpSzbK3VhKU5p5EURSY+7oOYo2mtEaR4mDoYy8qMFaEwfUUUN7yCddTR4JABJPmKYVANqk6bDlFKE+pogQJJJkchSmgidhU9Bu+z0AnkmjBaSqculAlMzyB/GvEZY1n0oN+iJ7De7HQ8qGANjGmooAkHUiYrxJKjFNfojVAzlSd/Wj6TBHLrREjfpvQpggaQRUG9WK5AlAgkdRE0dCwDppPWk0qg66SKACDqCB1ioiOvQt3mwSB6mjKUcw10jWDpSO+uYpg0cRud4pGEWCwBIOvKhziBrJPUUhmyxqIPnQlQVGutGichwlRB1MelG70jUGOVNddyYAryCAdTI86jSDdjsOkp60KLiDB5+VNQuV6HlzoVKUgqmPSj6J+x8HEzEeH8aHvABz+O1Me8ypBknzFEduSAYnzNV7eg9sfodAURv6UeQROf0pi26ISScqtzRu9G05j5U3oVqmPg6lKZ5eYopUORy+U0zU4ABr8KBLmmbflrQdog+DnVWWBRA6Cd5PQ01K9tgfzrwck8j8aHG1YdIed4RPXpOleC8moJzdBTQuEHqKOFAjQ7daXrQE9i5ezAyDIoA4FCJyxvTdx9LaFEriBJMxFZtxr2rM4apdnh8P3ER3gVKU/1oRi5ukA0m9xO2sFfavttSJhagNKovEfa3ZYerJZJ9rXrKwfDp8dayp7iB/FVKW8+t93otQn4CdqK3dWl44kv27JB0OUE/rWyHjpO27HpEri/HuJ486pbr7zFsfChLBAE+YGppsx3yFlDd0peYyt4iQPhRG1MWqzlQ28wrZtSspG3OklXDOdTjKS0oiRrmHpqRWpUlpaFSZOsY89hLSi64blCZCYG/lrH5Uj/jIaZ7x0MKSoco16b1VLy7LicpSrXWYiSPOotxhbwJSfCToKW4+y3421ZruA9sFoXksvNqbEe+TofLn+fwrQMM4jtMUALS9TrBNcwobcQpKEoUo7BITqT0A51ccP4Z4owlCLn6vvbZJ8SS4Mh8vCdarnHFJb0VrFJvR0CFAxOuvShCwhQCgD0mqZwTxaq/AsL0Kbv2xqHQAo/lVxzAROg5671z8sHF0JtWmhSfDv8KMVHrpSRCVbgQNhQZwZy6+c0lCC6QojwqCfIkCvUgh5OslMzr4Z/WvUODDyZnOD3GIXeHhxxKl5U67xUQOOsaw67Ui2tWFoSvQL1reOxfBLDFeHLpq4t0rVljmdIH71m/aZ2Q3LPf3eFXbqAFmQlOYD9fWsOGSm6Z6jLHj0S/CfaTxC/Bu+FRdNCFFTC9Un0ND2r3GHcecF34trZy3uWmy53DokpIBms24FxnjHhu8DHtNtdpEDurhspUDtEiK2vB+Hr7iBpy9vsMVaqKDmWFJUlYI67/OK0OSxTTpf2MqjzTs4x4T4f9r4mtWMsNpOZRJ2A3rpZu5tmwEh1JSNANoqB7Ouze0dx/FXL1oOptllpKFRlOvlWlt8A4GDrYNfEH96684rK7OJkmlpFTXiNq3l8RKuiYj86MMXtlMBQdSkA81DerijgPA2m4Th7OnWZpRHA2CoRph1uQd5bBpViRSppezOV8W26XCn2d8lJIJBRrH96ip40Z1Psb5A+9KNP/lWmM8IYO0kZMOtD1JaTP5UuOF8LTGXDrZMbANJ/ao4L6DzRlY4xStBixWojWFPoE/jTa44sVcCPq7uyDov2lHhPwrXP8GsP0IsrcKGx7sUq3gVmlOQWzXwSKKxr6A5pGZMcUMttZi4kPAD3VjWhHFVp3WcqJg6pBnWtR+pbUyfZmtOrYmjJwlpR1bQZPQTTqCFc76Mva4jZeUQhBWQPuz+1KjHVR/YKB32Ov4VqKcOb1hA8hQ/V7eoKAR0in4L6I5GWJxh8yRbL8yQs/6tGGMvgFQtFqMwPs1/tWrexIgSmZ86T+rEKVJTrNL8f2g860zL14rdKBUixcMaQhlZNCjEMQdSk+wvHqfZ11qaMPQkmEpQZmQNaMqwAnQZTuDTuCXoinZlpv7sCVWNwr/06x+dFTi18onJh90oxsGVR+daobIQJGh0FF+r089uU1FBe0BzMuGK4gvfC7qRyDB3+dGbxHESZ+qbuY37mJ/+Vaj7CANjPWiiySnWAfOpwXpB+TRmKcTxBMk4Pez0yAafE0c4lfHUYHeATzgVphsgkaHTpRPY0n7up50OC+ic/ozNeJYqUEJwa6BOoiDNE+scYBAOCXBSdyVJn4a1pxtEmZSDyoqrJtQJCYV1mpwX0TmzMDiePJUD9SOqTzGdI/ejHEsbcTlRgpBnQlwVpKrRGWCPjRDat5dhpTKCXobkZqq/4hC4GB6DSTcCgViHEmpGBJ8JGhekHzrSvZknlp60mu3TE5YE70OKvoCm/Rm68Q4nBP8AzOygxsX6Ii94n1P1QxKf/H0rRVWqQToCPSiezpAPMHfTao4xWqF5Mz83fFLhEYfZiQN1q0/Girc4niDaWY01OZRH51fVsDkkdZoiLYEERJ3k0eGukNzKWhzicphTdkB/e/elsvEajtZJHKMx/Wrl7MkawBG9C2ylMD3gedBJekTkyoC14jKBC7RJ5kpP70duy4jV/wBrZnTfKrWrkGUxAGnpS6LeBMTNCnXQOf2UpeEcQqmbq0BnbulafjSn1PjxTKby2TyI7kz+dXcMZR7k0ZDCVEEbeVREv2ikDAeIgCRf2pjn3R109aUHD3EBMnErYpI93uIq8hoTt/Wjd3qYgUON9k5swTtMxvGOF2xbXFylSHh91oJkCsQfxV1t1SwsTuCRJrc/pLIeLGG5GTkBMuxz10rnxm0Xe3aWGwVOKOwkzTYoqrNMCTbxN65WlAQXFqGikiKnsK4fxfESFJUWkkDWIO/WrTwnwXZ4Ult+5Sl5zKMyTqPxq4WTannIaRojXkAKz5fIcdRR0cXjp/kyp4b2Z398lau8W4eqq8/2a4hZKCQ2XT0BmK17BsUt7Vvu7i5bbUdggZiPlUk1iWEvPBs3qQsmYPX5VmebKvZpeKDfRibnBN000C7bqSncHLMUzXw+GiG20ECdByrpNvCLK9tiUqS8lQiRqKgLrge0beLjaEjWRzA16VT8sk/yC8UWtGQ4dwjc2SkXgSlt1MlKinbzqMvn7XD8QX9dvF51cFDiHFFQ8zW+s4ezCEPJBT/CRoar3EPZrbcVY3h9vZ2Sggk96ULypA8ydqyPO3KpdGvHFRWuzNb+1uRg7l1bvF1dujv2nd1EdJqwcAYviXF9tkTizdrdN7sraSSfPUVer7s8OD277Cr5Llu8O7SlKNEj56+tZW/2X3/DuKJu8KuQpLZzJAUQqPy/GtuDyMd8JvRzvNwSkuUezTVcJY6vQ4xCo/8At0xR2+CMXjKrGVqC9SpLaUn0Ghqe7I8SxXtBxa24dThl09jqoju2yWyP4lK+6PM12pwT9FnAMLskOcROuYveqErabWW2EeQiFH1n4V0fja2ujzyUuVS7ODDwPiAJnFLg68kp/wBmvV37f/RU4OurpbrL+J2TajIZauElKfTMkn5mvUP/AL0D4z5c9nPbJxXwYgtowt9SjqptKPe9J/etO/xyXPdWmKosLq0be0ube6bOXNyKarXCPHWMYe0ytzh65MplxTLCyfwqa4r7ScH4mwxdtcTb3ITkKHwUr+RrkOC9xo9fPkts1ThDi3hjiFbT7tk13hImUJq3cV8R4U3h3c2bYSlSYgIAgfCuQ+Fbq6srlIZeEDUKBOtalg+IXN4WmXlF1alRrJrK1GMqQW6jsPw5Zl9q/cbty1nuVnNEZulTzdotKBpJ2lVTNtbJQ2lOhVAmlTalRJiJ67V6HFfFHkc01KeloiGrVxIgpnzFOBbaAkSfSpFLMEafClA0lAlRINXFP8SMVZmJB8XnQi0jXN+FSISjLA0HLSvBoKOhqVbBf0R4tBFeFprOxqRyRAihypPLWNPOnWidEf7IQkjehFuI90U+yzM7+VAESNjpUSDY0DBgxRhbDkPOadBKUwY+NCEkK0kz0pwqhqGQRA09BXgySDM+tOiNdgOoryY2ip+ybfsbJZgDn60opuNdqVMJ1H9a8oBQ5mh2wuxv3cDaiqbzgTTlShppEUUlU8qjTInY27mOpivd2oGcvlTnLtRVNkLBk9I5UUvoI3U0T5iiKZ1j86emIOkj8qJEnXWpQXcdoadwBpG9ENtBgdKfZYBn5UUpzHrRA2R6mDtGtEXbEGDpUiWo/WhU3oBrQD2RirUgbab70kq1JTBBFSi2c4PLzFJqYB13NCgL7RGqtp0Ij9aSNpKeg6GpRxgBUjUxRFNyAT4vPlQSDb6ZEm20OtFFv5GR0qUWzIEjw/nRC3EZR+FKGyONqFCR8jSgth/xp6WgdxtRgzppNSk9EX2NU2saxp1pZLBIEH4UulnSKOLcE86iQNoTbtyd+m3WjdxrMifKnCUCRAkczFHySBI50KVgdDYN6agAUohnIggjypbLn8iPKjpTIkSSDzo0gLWyh9p/AieNsJRbAhtxs5kFRNc/L7OHeEcXLjq0ulCZTk1SN4MxvXXimAsglIUfOovGOFbLG7R1l1lIK9lgazVe4p0aceVxezmS2ugt4d5mTl21ii4vxpcZvq/D0BptMBThVqrrFO+M7a34exu5sVOoSptZEkjUcqrLGGjE7hardQDnM8vjWVxXs7sW5RtEm9jysPYzu3RB3ygFajU5wK9dY4/3lwe7bJhCSfEodT0qqt8M3olxbqcuyt9Pwq1cK4za8OkqJ79REEyQJ9KolxrT2XRTTX0bfwxb2eFsKLjqQqIIUqIFBd4oyHVd2sLB1nyrOmeM7e6ayuGFHkDOtLW180FeFcFWkczWCbaRpUUy6qeaCgqfFVL454ufauGsOsnVNLiXlJMSTsk09vcYThdmq5UnvMuiG5941S7F4Yvibt9eIKpJUVKTEnyqpb/J+h1aeiw3+K3LOGWFsq4WpSAXXCox6frpRLHELm7eCgSobabVDXt27id/3Nsyt51RhDbSCSeQ0rTeB+GbHg560xXia7tyWiHBhbas7ilDUBXICrYcXuZMif0dnfRzwjBux/sqax7Hu5scRxEd8686mHMn3UDn5x50/wAL+k+3xvxQjAuFsKVcPOKKUvvKMAfxQOXrXNtvbcffSGxnvbNsWuBI8Krm5JbtLdI5A/eMDYVu/ZP2Y4d2UrefwVT2L408ju3sVuBkaQOiEdPWTWv5mr5ul9GF+NjjbauX/Bol52YY/i1wu5vcbaL69wAogeQ2/KvUg6XX1ld3i7i3z7xSuB8BXqy/6P7/AN2L8mdaTX+yPktwjfYyxcFl9TpbnKQFk/kdKuuM4RZYhhynnWw28hMhQOvwNZbgeNXNs74BCfWr5a4wm8tkIcWUqOhSScxPQClySmmjUvyWxLC75wuJ+yGVB5jWpx/jB2xyJtFFL6YJXEgHpUzwnwGjiW5+r0YizYYpdIPsrdwj+1UOW8j1qn8R8PYpwrjNzhmLWqrS+YJC2nNOe46g9RW7w8MMsub9HN8vJKEeEen7NS4T7Vra8KLfFgLV06C4T7h9RyrSWSi4bS62tLjSgClYMg/GuUgpSJBBTG9WThbj7FOF3AGXS6wSJYcPgj9K7Lx/9pw3FHRgSCRG9FLOYkkEetVnhPtGwfiRCWw43aXajBZcWBJ8utW1ScqoUIqvp0xGhqppX9OVeyFM+HXaljAEk69aKDmEDnyqchOhJEgDNvRjpPntNCoymIrwJKZnU07pkoIfFJ3r2kSZHSiqnWilfLUxRWw1XYdcbg/1oBmSfhzopVmFe5TOlRyD2HzqgCgKzsB+FBmmR/uK8pWnKiqZKsFIJJOoPSgKgFCRBoUAERqBQKMnX50tkproBQy7aUJAJmdfOg0J1M0MgiKLYEmGKTG0eVFKTG/wowB3mdN6FQ21qcgpNBCI5gUOXxdNNBRsgA6eVAJEbyNvKjy+g19hcmbYExzo5b28NKpBj3fjRkoJJ0iluycUN0twIivFpRJhNOQgzqYowSNAaaw0vYz9nnWIopZCiY18qkS0CYr3dabVF9hUURvcRAyzymiOMSdgQKlQzp1PnRFsgyk0n7DVEStoERv6UXuARAkc9alDbDYGKKLYfjU5ERGC23ImjC3AjU1IeyjMKFdoORo6CMO6CUiBr0o3db6CfKnIaUg7GJr3dKzTHnQv2hOOxrkygdfOj90Y8QEmnJQV6EDzNEW2Wh4tR5UvINCYbJGtClvmT8qUSZ+NHS2D6+lDkSq6EAiSIPyo0GCdfKlS3BGmvOvJCQDOhjY0b0DroyXtH7DbTi7EXMUtbgs3qkgFKvdMefX4VhlxwXjXBvEtr7Yw41mMxpkUAZ3n9q7OCJEnUelVHtI4WPEvDzqGWx7WwCtnTfyqiWlSNmLK1JKXRh+I4pY4bbJeu7gNsmMxSMxHoBzqoXnseK3Lj+Hl4Wh91SxFRGOs3a8TdtLsqt+7MFpQ1B9Ku/Zq7hzN2m/xWzVdYdaqCEso0Dy+c+QkVgcFBWeg+WMvxoi8B4C4gxpLtxhzClW7IJXcOwlpPqo/pWjcKXGEYewbS8w5WMYkrTvS8UNNx0A1NXp3t54Ndsl4c5hJct1Hu026UhKQIO3SsauMasrPie69it3LRhY7xptwlUA76/D8ayylKWnEtWvyTLDxky6tCTY4e8GGhmdUEKW22DtqNvjSXC54ZXbpcx/Fbm0bQZ9nsbcrWv8AvHQCiNdoV1gyXEIeixu0d28mfeEH96ztV4846i3tkru3nV5EIbjUnlsetJDHy/E18qjyN04e4oRxFiqOGuzjhl9V7c+HvlQq4c81H7g85iujOzn6G9pw6pvHe0jFWLq5H2icLtnYbB3+0c3V6J086hPo9YLhfYfwj7Q603e8Y3zYVcKTqm3BHuT5TrVvIx7jq4NzePhi0EZn7hfdtJHqTrVkuOF8cff3/wDhic5zVrSL5j3adg+EMM4dheGsXDLCcjLLIysNDSAEgU2tbviLHLc32Jk4dh6RmQlBCAR5Cap7/H/AHZkye4cTxRjQPvhJLDZHTrWecU9smP8AG9yQVllgzlabEBI8hVFfSv8AbK2n76NVvuNrRm4UhCsyU6BSpk/IV6sRTbOrQlTjpCiNjyr1Hj+xLRxThtrnWlBfcURuVqMfMVp/A+GG5vGGbNkOXDxCEoaRmUo7DXl8TRuyvsU4j7QcZYsbOzS02PE6+57rSZ1Jj8q7d7Oex3hbs1tWU2qTiGKIR4rpwySrmf5R0FLlyKvtmuEfbMQsuxnEm+N8BQHZv7RQuX1NnwsidBPMzXZfHv0d+FO2fhq0TjNubfFm2QlvE7WEupMDfkoeRqt4O9gWB2F5d3LzTRnvbu+cMpjpImAK1PgrtI4V4iw9r6s4hw285BLV2hRPwBqrHPKpRmrVezH5sW8dR2fPXtR+iJx32e4q61aYY9xDhhP2N7YJzFQ6KTuD5a1jmK8KY1hDy2r7B7+zWg6pet1pKY9RX2gIS4gTCkn4ioHFsJYU+HF27S0nSVoBmu9/n5LuKf8ATRxcUIzfF6Z8d+Gm1O42ygrKAhWfz01rX7Pia/sm2lIuVkFMeI5vwNd5472IcAcQPKuLzhew9pIIL7LfdLP95MGqNjv0P+E8aaBwm+vMIcAISkq75sfBUH8ab/PYpvdr/kefjtK0cw2vHSlge0MCRupvn8KlrLiCyuQCHFNqPJcCrfxn9ETjHhlK38LS1xBbf/jHI8B/mKP5E1jF3YXWFXblrdsuWtyyrKtp1JQpJ6EEA1pi1NXB2Ynjrs0lLqH0ABaVTtlNGg6dRyrNGb922cBC4M6Qf0qWtuJH2B4lmdOZpkBpIuKkwDO/WiDlyqDa4pDiYWAB1Jp81jFusdPOZqy9AaY+Jia8R4aTauWXJyrCgehGlKgg7H4GlsOwqZM60aZOm1CEyCdhRVDz+NT2CmgwBVry60ATE8z514QIG48q8ABzqbQavZ6Ij9TXgTv/ALmhiRM6UKISIkgGhb9krYYap8+lHQNAI+NAlJzTmJHpR5I0ka86j2SguVSToCaBKZ3057UqkTziPxoUoKjM+lFa0ybR5KCQQCZ60dtEE660olMHejhA00InnUCJZZPOlktEAwkUZLQMilm0xOUyR1NEiE0MSU8jSpYFKIQqZJ+FDCs2kR060LvQUJFnwgAD1Ne9nE6D407Q2SnaaEARr8qWgjL2UFXKJry7UT7vzp54QDrHw1ry05lCCVTyqLZCPNsCddOkUZTAB9yaeFASSFUJaBQI2NAXojgwDByyPOiKY6b1JLb7sDXem7qJ9fM1LJsZd1qdp9aTeYSEyFa9KkW7YuEAlKATEnYVZrLhbB7oIUp+52hQDiYJ+VZJ+RjxumzXi8XLl3FFA7oe8gx67V4FSdFDXyq+YrwxhtjhV4LZp+4ulEFlRVOUTqIETzqmONKZOVaClQ+6oQasjkhPcWUZsGTC6khEfaDp5g0CUg8/hRlt5iCBBB3ArycpJ11HWriimEKSFayaEoBSCAJ6xtSivdnp5UGXlrpSB6KtxVwFgPErDq8Sw9hagJLyU5VjzChXOWL4lb2uaxsc6cOYUUtIKtcs6Gec71tnbnxceH+HGrRhZTeXix4RuGxqT84Fct3/ABA0pxSVKKBJ3/30rHNKTpHb8GDf5NiuIXPsVyHkkpRm91R0pZbi8Qv7a8lSWwMq1J5J2EfOqzimIpuShAX4ZCs01beEbQXjIeeuEW9oZbA3K/QVW48VZ021dIseJGxxjBk2tg0+9fkjJ3aSZPU8qvPZZwXbcKvoxTGXkO34EtMNQotnqeU/lQcIcO98EW+GMlYUfEtI/EmtRwzs4tbZoKurnvVxqE7CqJOk60NKSapiiOPLhOb2C1SlXJ18Z1D4bU3xDEOIOIz/AJZfXD6Rs2pZy+gAqXRhWHWKoSpJjSSelNrziG1w1JyJMp5pGnzrNxt6EeT0hthvCDyzneGTWZJ1mp1iytsOTAXmVz2qn3XHa3G57x1DZ0BLSh+MUracSYeXEourvunIzgOyAR1mrOMqKpyXtl2auvBoDHrXqaMPsuNJU26hSCJCh4gR616hT+hVJHR/Zz2cYd2c8PezsoAypzvLCYzGJkxWbcYdtvCnZ5bXzGPX7FgXG1JS0FDvVAnTKkaneubu076d3HHEFvcWXDVhbcMYc7Ke+WA/ckdZPhT6QawXhXgzG+1rjJLSi9i2I3K8791ceMgSJUo8gK3YP8N+OLlnl/t/9Qs/LeR1jR1Kz23Y129293wJwHgjtnhF0gt32L33iWGjocqdgSNNetX3hL6F+G4bhrFvbuXLK0DRw3GVRPXatG7F+CeGuzbhG1w3DbY9571xcFsBTy+s9OgrU2scYbT4NhsJg1nyZZN8cK4x/wDf7NON8Vb2zKMI7IeOeCFJOC8b4jaogHuHHu9R/oqrUOEHu0QkIxrE8OvradVKtSlZH90gVJW2KF5WdFvm1iSqTUki8ulwFNkTWduUv5UxmlLtE0lsKT9ooBPQU6Zum2hCYIFQ6luBsnMYpgnFQwledQSgcztUirRRLDy7Za/rtppIClAKJhKZ3NVXtS7L8F7TeGLpi8tWE4oWiba+ygOtORp4t4nltUHc473d8bhTiQlOiWyqAPP1qycNcUsYncBpa9tRO1WQm4STXoz5vCjGNxPnpxHw5e8LYzdYXiVuu2vLZZQttY+RHUHcGo1IMTAPqa7l+kb2MNdo+DKxbDGkjH7NEoy6e0IG6D59K4heZLDi2nElC0KKVAiCCNxFd2MvljzicVri9iaVkjpNKIdUgyD+NJxMid+dDBPnBqxJoVkgzdLgEqII6VIW+KrREEx+dQzIO0fCaXCdJ39am/YP2WBjGVaBUepp23iqCADpVZQvLJmRSiXiNdY6GpoVq+y1pvG1idCTvSgUFGfDVYYuinQpMetPGb0hOiuVN/QhOgAEEGfKjKgEERrzFRTd6rQnXzp0i+BykjXrTcU+yeiQQIjQzzNHOh0NIN3MgSdd9acocQsbgzS8a6CeO3WhQIiKMAD8KMEE+R6UyX2L+wUpMkU4bg8pNIIT10FOWEZ58udRxBf0KJTudiaOlO2lDlO0aUogAgA0KYwXLHKjpSIBoyWzMgAjrR2kkrJjw85oqNET+wGkyrnE0optIEFINGggeHXWj5tYEAxRoKY37sH3fe9K9BGhHPrSoIOpGvWaKVBP3gKRxCEKCo+LxR5UKkgoGsRzNJKeUVRIFBrlk8vKhx9it06AIA6n41lva52sucDXlvhtpZF28uEBaXXZyAExAjc1qClHlIFULtT7NWO0DC2JuRZXtmpTjVyv3QD7wV5aAz5VW426ZbjaUrZQE9v+IWDhYxJlpp9slLiA3lIgfhQL+lElh+1FtYwvvPtS8uUgHoKoPaDYWuNcQNMYYfa7vIi3cvAcvtDggZsuoA/GrXiH0U8csu5bYKLt7uwXQFxCo1H6Vnl/h8V+R2Y+dVJGx8L9uNpjziA6+jMpPhykAfKrrbX1lxAiUOBxMTlmDXG3DHZjxtjfFruEcO8O3Sb+xkPNmQgRqVKUowJ5QddKs+GdqOK8JYk5h+ItvYbfWy8j1u6khSSNxqOtZcniTxflE1xzxy/i2dGXeGO2xUtIztifWKYFxCxlJhU7bGqNhnb8Llkof7vPGi0aH8DrUladpWF3rf8AlDbbgWdxCVClhnkvxkZsvhRluGi0pBEyM1VzjbjW14MwwvOjvLlejLJOqj19KMcVs30BdjfLQeTTniHpWNdsPDnEmOXar62eZfbyhAbKw2QB0mrZeRHpdmWHgyjK5dGZ9oPGb/EV/cXFw7neKtwdE+Q6CsrxO8LqyTy6Vf19nt9cQvEbxiyTv3aCHF/PQfiaiL/AcPw17IwpbuU6rdMknrSwlC7b2dL43x/HRC8J8IYjxpiBtrRaGEoTncccVolO23Oug8B4KseHsOsWQwi4XbogqdR7ytyojrJrFcMxN7BLpF1Z3HcuJ0kc/IiryO3tTdipo2iE3m3tEyhPnl6+W2tX5HKaqJUlGO5dmqXfG7uCWpKnk2iFeEBOiiegqt3va3jPeLKS6ljXKXB4lfCdtqyAY47i2Ku4he4gGCPdcuAlbnwGyfhRHsWtVnKcTuLmDqNR+ZpYeN7mJLyE9F+xjtWxe9WUAuIbQoZu7MT6zSrHbIrD7JaFlLq1yJIGdJ8xWP4pepCFBDlwjnOca/KKrvevOLy51lPnqZrVDHFLoyzyNvRsHEvbbeGyuGWHVa5QANIH61nLfH1wFFTri1pBmFKmT+lN2+GLvE7cKS4tZMaZdNfOjP8AZ1eMshzVSSY1GvxFT8IPQv5SWySb7ULlCdFFM6wl0pHyAr1VZ/hO4tl5CCoxOiJjy3r1X/gVV+zVcCwbEuKsctsKw9Crq5u3O7bSPvGvoT2IfR5vuyjh5DSRZOYpdICrq5zEkH+AabCs9+jV2B2/DGCtcQ3Zbexe6RmQkahhJ1gefnXQmH4zd4S6G7hLpbB0UkyBFcjyPI+aXDH0v+Tp4YLGrfY6b4QxJAHtF6pKRpDYIB/KprDsGYtmftFqUtO5UZ0p1Z4uxdtpVC0qO4VT5Nom4AKBJI1k1jqy9U3oNaPWtkZQsT6zU7ZY/aujKXET8vzqv/Vbik+FhUdcszTC+wC/WyVsNqChtG9RRQ36ZoDr7S2CTlKCPKKo2NrUX1stOlbZMkE7HyqG4e48uMEvhh2NtFNurQLKdRypdeOYS1xe9ZrxG2bdVlU22tyCoEaRPrTVx7JDT0UPFLi49vcl0qSDlhIIqV4Zx42l21CylYI21imnGzJw7Gni2QWVGRrUDZOp9pQpSiQDMVa0qBG3LZ1DhOKC/tWXAfCoAiK5v+lJ2Ki0W5xlgrKU2zhnEmED3FHZ0Acjz+da9wdiiRh7SVK22A6VbsS4gwNjDnbfGb2xYtn0FtaLx5CUrSRBBk1d4+X45WjB5eFNXE+bSmwlWmnxr0ZdxM85qQ+kNwS92XcZrRheKe2cO32Z+wuGnMyUp0lsxzSTvzEVmjeO3Y1Fwsf5xruaa5RemclY2aE1lzSmem1LDeDPxrOxj15KT7U6I55yKMcdvFHW7fPL3zU4r2H42aNsCB8qAHKOZJrNxjF4d7p49JcVpXvre7Mg3TpJ3+0M/nU4onDZpiDElW/nTxmSjwgnyrKfrO5zSLh4TvKzQDEbhehfcMcsxqKJHD0a4hzLGaAORpdpQJmQSdKx1V+8oAB1enKdKOL1xMAuqOboqn42gfH7s2ll5KR72UjeTtThFyJACx86xFN0tKpDiknpMUIuVEnxHXmTU4A4m6t3qUmCtJUelLN4ggnfasHDp33NGLqpkq285o8UThZ0Ci4bUILrSJ18awn8zS7N2w3H+UMz/K6k/rXPYdKkEwOlHSswQnc7jnU4r7IoLo6LFw2gZlOJSjqVAClG8SsoK1XLKU9S6mPzrnLMAQNJmjlZmd6HBfZOCWjo5rELK40avGXFj7rbqSfwNFexSytFJ7+8t2J2LjqUz8zXOZcGiZj1FAl0KkA69anFfYfjo6M/wgwtQIGJ2R/9Qj96KcewlUf852Y039oR+9c5qfyROvnRFXCidDA8qiigcPbZ0YriLCgr/rKy6f8ASUafjRDj+EiScTsfP/KkfvXOq3l5dCfXrRVOqCZkgbb1OK7F4V7OiPrzCwZ+tLH/APqb/eh+v8KOn1tYHqBdNz+dc8F90oAkgcwDXkPaQRE0OP7GUDoVWPYVHhxOyI//AGUfvVM7T8eNxwy7Z4Ne2r9zcnu1lF20ClHPUq56D51lq7iROYE+VIqdUVHU0rgFRS7G+A8N3ljiLVw6q1bLawsH2tk7ei66fw7tHwRdtbXF5i1m3dFCe+SH0mFRqdDz3rmVSs496D586ScWpOsgec1beqYJQs7Q4e7ZuEMKLjqsetU50QopJUSeUwK5w+kpd8E9orj2LDFmLDEmU5Wbtttau88nAkSQeR5Vm6n1HnAqA4kQLvDn2lGElMTMT5VVOKktDwg4O7M2tOIQ0tbaLjvMqoC0zG++vKp/D+KHUnR7QQDBrOsTtlM3KnEDKtBjenWF3ouExn7p1GpSfz865mXx72jsYfIf8WbJZ8X3XdpKFq23z0yxfii9fJC3zl6ZjWdt409aj7NwiRBigexx65Qe9XKAfd2rnvC7OisqkTd9i63VlJdJ6+VV6+uApeZSiT6700ucV72UhcDoKjn7xXhzHKORq/HifsqnkVBsSukNtaaTzHOoMXSQoQSVk6abUN4+VqiZjzpq3cNMKzFIWoH72oHpXUhjo5eTJbtE1aWT1yhRUVmDOp2+FefQlkj7YEjlG9RLrzuIOAAlYmQnYfKp/BeF3bpRluVTqRtyp5SjjVsqUeXQ1QFuJEeITolQp/hWEpcdEt6Ebn8xV7wvs8K0eJAzbECdfiKtuG9nrTLoWW8ytpSdIjaIiuZl8yC0al4s9NsrPD9gptIiEIHISQAK0JHD7V9hKgpKSsgeNImacWfDotlplOqfwq02jCO5CASNeZE1jl5Dm9Gv4FFdmVXHASlPLLbSymdyDXq2tDFpkTnCc0feANeqzn+ynh+jeU8L3/Dl80LG/ct0FGbIQDI26CpBPF2IWSoeKnglUSW5/XWr5c8G3N2pCgc6gmAZJO+1Ml9mF3clWXfoSNfhvWRTVXLs2rGiLw3jq3dAzMLSdoCQPzNXTCOMbdxkJQlQge6pIP61UnOxnFyoqbISkmRJEU/seAsQ4cPf3ztu2zBEqcg/8aDkn7Aoxuy+oxi6umT7K4hBHJTc/kaq2OY5xnZuF2zubB0JkhqFAn8P1povtMwLBoYFyhYTvCppvinazwuWkOIW++8r7qEGKkG7qrHlHG+mUXHe3d+6U7Y49hrXeoOXvG95FZb2jcY2dziOE40h/I3aktuyYKU6FPLyI+VanxzgHC/FmGu4i2py0dKcy1qGUabmvnn2z8aowrHsUwvDcUVfWqlgJdKpSNNhyrp4ofJqGvsyOah2dDcf/TLtc4tcLsPaylISLh5UCR5aE1luM/Sv4vfSlNtdWmGlX32GpMfGa5sRjZdaW06orHLXY1FKvF5SlSio9TXRjgxx1RgeXJJ9nRF39K3jsNlJ4zxJCR/3RCBPwSDVWxrtpx/jBY+sMYevIOhfJnzk1jSluLgSVUrbOONAhMg+dXxaj/HRW99mmN8W3ynwp24LSAfCFLzJjyB2qQtuLLlDxUq9WpAOgRHyiaynvLhewKhG/Kji5ukIPhXEiYmjyvsRxaNgX2guMWveoXCgqMq4VmH505sO0dVwElzKhcgwlWkVia3bg++VFB0AJNAi9cbIlZknSpZOMjpWy4wsrt1trPlW5/GYA/3/AErRcM7P73F7ZL7N1aqCwCmCo/kmuOsMxd23Wlwq1SZA611Z2B8d4Y+lVu9nt3nSAEBQyz5A0boVx47LYeyXEoSTdW0TtKv9mhT2TYjM+12o8sytfTw1p7T7axKWnCD1I2pTM2TrbLT0lU0yZV2ZknsmvVKJ9tt/LRX7UsnsivCSVX7CRA1CSa0xJbKIDKh5xrXnVW5gd2skcxTJsUzhPY/crj/nJsa790Z/OlEdj1yFf9aNEfzNH960hBaABDSwZ2UeVGL7KVwULEUbG2jOR2RPhcfWzIHUMn/apT/FC6P/AKs0fPuDp8M1aIm8aUqEoJ84mKOHkK2bVPltUcmLZniOyYZVZsWaSY2Tbk/61GT2UpUQfrZRE/dtD/t1oibkTCGST60qL5wGE2YEbak1LZF+zOf8VfeHTEHIGh/yUj810o12SSYVfOjyDA/2q0P6yugY7hKZ28EUcXlzmKskK6kChbGsoJ7H05QfanxzktJ2+dAnsebLniuno6FIH5A1oCLu7MAua7gGBQrdfIKjcJTOwCt6FsFsoH+JmQCLpweZRIpT/EyxGt096ZR+1XhTzpTBvCTtoTRS6qQDeHT51LfYLopSOxuxEhVzdyOYgfpSyOyDDlFQL94odAUj/Vq2qVl2uVa6nfWjB/KY9pXB6A1HIhVh2OYaCAF3hH/mJ/2aMjsewpJJWq4GmxdT+1WkPDXM6tR60Zt3MCM61f3YqWyK+yonsiwfmXgD1e1/Kk3OyXB8+rz+QbAOAf6tXTOVCAhZG+oNJLWSfChZHmIpW7JdlLPZPhBMd7cgR91YP+rSSey3B0EjI+4ANiuPyq6reWfukU3eWuAcpg85qWSiojs1wQJ/6EpRB+8+v9DUdiPZhgrzTifYEgnb7dzT/wCVXVxSlCc6KYXGgILiNRpCtqlht9HM/aD2XWVjf96hlKW3OeczPzrM8U4IZtnM7S1iAToufxFdOcf4Yi6tbgG4QVIGYGZ10/rWJ39qJKFLBNVNu9F6ZnTlmppsgqUVDruaZPsupRsSOg1q34jhLa1lU5zygbVDv4fkJUQrJ1y6fOqXBPoujla0yCNq4shRSlAjdRpneqDJDalAnf1qfu2BbNZiDB5kfpVTxF8rX4lEgbUYpIbk5dsjbu4VmKQInpSTIU4rod4n96I+vxAZojQU5w2CsSf1q2TpFcVydFmwGwyuoWNCNjWo8PWwZQkT8NYn51nmCNiE5ue/SavuEPhtCQI01GsCuTnlfbOhhjVF6w8HwmPWIirHaEJSkLXM6gaiBVOw+8XnKQUwNdDU/buqfQIkR8K5E4HQv0ybLqD4QRPKaKHyNBt5nao9or2ICo+8eVOggpRJBUPKq0v2TSJRtaVIE3EEaapmvVFoukNpACyJ1jNXqfX2D+x9DcS4ytMBZzKBfd+6lM61TsQ7VeJ7tRRhmF92kmAotlRrTbXhXC7RSXllF1H3lAEfKpdhNgghKUtJPJKYqpSj9WLbo58uuJe0fFTlbefZSeTacv6UxHZ7xjxGoKvXX1A83lqIPzgV1Bai2ChCRt86dmxS9OVKQPIUyyP0qKnmjHTRzPa9hKmEBzE7iEDcJMVM2/DHDXC0HuzeKKcoSAVEnpFbu9gLCkq791CU/wAwBqDubDh/A2Hb58sANglTzwyoSPj6cqdTk3sZZsclo4f+l3xzjuAdn1w5YttYJbK8AbMJcWCdYFfNa+vFv3Di1arUSSeprqb6ePasnjPtIXYWNwHsNtR4cvhST5AjbSuXLPD3cWue7ZbUokk6V6nCvhwpM5M3zyaGTDDry4bSVmdMoq9cO9lOJ40Ul6LZB/iGsVduC+ErHB2kKcbzP/eWYgmtFw5TbSkwOdc3yPMkv4HUweInuRUcH7B7FtpKnLl1xz4RVltOwnDkpyJC1OE+8tMx6VdcLu0BSeSegFXnBbm3dQMytj7sVyP8z5DfZ1I+LgSriUbhvsFwNpCe+tA8dyoj9K0PC+yHA7jKynDLfKSBlUjSauGD2rVzajIrQbKirFarThbYW3blx3qZ/Ol/1ZO3ItSww0okVa/QrwjimwC0YRZBCtllO/zNYZ2tfQEbwh15VksYe6PcWhwKbV8OVdKs8ZY7YSWrl9htQgpQ4oafCo/EsXusRzO3TqnVnms61dHyJ4dJlL8eGSW0qPmfxr2V412eX67fFrVfcbJumgS2f2p3wO8u0xOxNq7mf7weBPveW1dy8T4RY42y9a3tuh9lwQoLEyDyrkftP4BHZ3xMm6w4q9iKwpA1JTrtNdfw/OWd8JaZx/M8P4Vyj0dacNYu+9hbKnELCwgCFrhSfxqYF6tKQSCfjVV4AxRviHhPDr0qWla2hm8IHiG9WPukAbq9Irpxs4be9DpOJLgaRR/rFR0gEimSEGMwzR1Io+QqnU+oFWEHyL45tW1BQ5gxRzdKV4u7URzJJpilOX3QTr0o5QYnn6UQDoXhzEFCwORHOji9O6UOEdJpkkkgSvehKVAk5yZqCj9FySBLbydd9Yry7wndt0/E0xSkp1k+RoyFrTsogeZoBHJuTybJPLWjpfK9IIPSaZla1iSqKDvlaHMqaa7GRIJKlHmPMqovdAqkgH01piX1afaKnpQ984NCpR6UohIIZn7pPSCQK8pBTGuU1Hh5RVOZQo3eK5rUAKgLH8KkQomlQn+JU+QqOLvh95RPpQpuVAkFRjkZqBH5gagkfGihZSffXpyBpsbgp1JmfKvIfUrrr0IqWHoXUM48UqP8xrykpBkJ/Gm4UorJKiOWpoFrUUmCRHSgSg6yE/dIB30pNYCo8Jn/ADaKlxWYSTB84/Sk1u+ImTH+dRB/QI61J1QSetNXWtCe7STGgIpyp2YOYgbaq3pu64ANFa+tAjRWMetwowpoQT4tN/jWO8UYIGLhS2mSEnX3SAa3DFgCk+PfeTVMxqzbfbUPEpY2A/akq3odMxl9glRlG1NVsSQA2M3WKumKYP3atilU7cqgrzDko3mfWJqVQyf2Zrxre90hDcAJPvaRJrPrx4rcAHiAG9XXtIUlpy3DagQSc2XaqM6ftJ5RpNVquzQxg7AdMa/Cn9gR4RMawYqLuDkdmPiae2DhLgIEk8oppK46BCr0XvCHJ1nf8BVvw64S4mDGYGOgqj4YsIQhRUnURH6VMNYw1YrBUJMSDXJyq3o6kJcezR8P8AbgBCSfSrCzeJaBKzPx2rJv8YTLCFQgqUdjG3rUfecfXD5KkFSY6GJrM8Epeix5oLs2tziZlkq+0Gmkb602Xxs0EkCCY1g1h3+Et+6DmXlCtCAf606axx0lMrIMaiq5ePxH+WLVUapccatpciI05EfqK9WajHSkAd6U+UmvUPgRPlR9nLbFMMv0wi1ZKSIJSAPyo7uE290pCrVx+zd6tOGPltVUTxDg2GABpxKljYDr8qSuu0VROSzaIO0wNazKDfSE51s0jD2bmxWQ/iq32wJSlbaEkfGNaj8e7U8I4YbIuMTLrg0DLJBV+FZs8Ma4jUpK7xbDatwlWUEeg51OcO9neG2bwefZFy/M53RMU8ccV/IjfIY3Pa7xVxO53fDPDrqkK8IubkEn1k6UdPZVxHxay5ccV4ut9eUlNm0fAkx5aVqFjbtMISlpAQlIAAAqUSttttSnFQAJNPzcf4Kv/YrVI+JX0t8JewbtfxO0W2WsqRkSTIieVUHgpKLe+SpX3kxIPntW4/TywtFp223VwgtrDyNMiwojrIHKsQ4caghweWhmvS51eKP7RzcCubNEZuMkZZPlVnwp1boSZg+tUqyvUsNDvSMu5gfhrUmzxw1YABmy9pVMSo/pXCeKUtJHejljDs1PB7VUpzEpE9f0rQsCsW3AgAzFc2udrWMWzoKMKyonQrlIIjrUrhPbneAhL1ohgEyUpMn4E1W/Gmts0x8nG9I7A4dYasmlFbgUk6hINTtrjVvu442joFkVyph/akrEmsyHSCrTKRpTbG+OcTbQQ0S2CCSqDP8AQUFClQzdbOv18T4Ay1N48lJn3gqPw6VC4jjfDNyn7HGGG/5XD+1cHY1it7jFwpN1f3CpMkBwgD4VPcOcOsobC1X7GbcJdvRn/wBEVY8MGtsz/PJv8UdR4k5a3Um1vGriDs2qSPhWM9tGHl/CS84nMlCoJG4FO8AxB3C1JQ4gOMgCMpB6c6edqa0XXBVw4wkrz5YHMSRVeCMY5VxZM83PC1Ikew67fc4It0pTCW1FIkEyJNaKHXSMxQmKofY2w5hHA9sXG0N96SsBSSCB8av6MQChqGT6EiPxr1CafR5GSd0ED7vNIgcqOm8ggFKPiDP50YXgOzQI8l60VV+htBUtlxsHnOlPQoqi4ClSQgD1On40fvxr4R8DSTWK2ySCELIO5An8qWGK2S1FJcyQOekUAdhe9B1yCPM0oHk5YUkT5KNGRdWq9EPhXxE0dbrYRo4o89ED9qIVfsTDrUE5Umeq68X2hPhST/na0RFw04BkeQI3lulEoQsylbOux7sz+dEgTv0CTlAjqo0b2gqEBKdPPaji1WtcBbSo/k/rRVpTbHK53YPmDQpEsBNyJAypMedD34OuRHzoRkykw0ryzH9qLGv9kgjfQmp2DQcuEgEJTp517OsD+y+M0k64hpIK2ykTuNRXmFsveJLojnUoNIW7woiWjryBoVOgpkNE67TRU5ioALzA+VK9wsaiB1oNCsIFpMS2qOflRgW1qiCPOilL0Dag7wyBlVO8AzUp+iWKlCCTC9OsUUtNgQFCiFUq5jyImiqcS0SElIVPOhX2QMWUK2UmT+FFVboA0Wk+pryns6SYRJ5k0ibkJnwA9QDUJZ5dumYK0aaxNILw9GUqga7DPqaFdy2tRzN5R5cqRW42QSlZHnQJ2Nb7DEmU5RBGsKmq9d4YlJIgDrrVguEhaSO/E+ZqFvLd1CpDk/GpQbK7f4EFDMlmQJ25zVbxTh8ezuktE5U8qvTrNxEmQDzBBqHxBpWUozxmJBzCg0wp72ctdsrBw/HbdhQ7tss5hMczrWeqWEkASdN61Dt/ZV/hBZqKkrBYygo8lHT86yYOQIJOnUVVGmbE3SELwKSQVTlP40rh5BdTBgAz60W5JdRCgCOXlSFo4EuATp0p6bVFd8ZWWkOrQiECSelK21q6+BnUoCZmaQs3EqaTIKSBG1STLqW2wVHQbVglrSN0altittgza3SFqhA+6edTCMIsmQqSCP8AuxvVXv8AHSyoNpBI/l3PrUa/iN4twBhxTSI2ZBGtKoTl7I8ij0i337FqwkHM4ieSkxUUHA6crKgojkTBplgeH3D15nuwpbMSS6TJNWBng+0uLrO0l5RJlMLISk/ClcIxdSdjxm57SIrM6N0Knyr1XxrhllKAl1DjyxoVQT+NerPzQeMvo+jWHYUe9BWsiOSqs+G2rLMQASBzFQdtiLaleGJOs1LW92nIAD8apasiley3YbetoKUiB5VOM4gGxKZB8qpFpdd2rRUKOulTDGIZgJMjyNJxV6G5Nlsbx0spHM9YpJ3E7i/VlToDzNQ7VyhRBgH1p03dpab0FMkM5M4S/wCUP7LHMPcsOJWENrbKsjqyfEZ/r0rkXhJYUShUJjbpXTn01cYxPFe1Bdo/cOuYe2yC2wSSgGTy67Vz1gtoi2vnXEmIEEAV2ZzawxjLboy4oflyXTFsUadLcNocdjTwJJn8Kh7fEsYZdUm1w9ZVtnI/PSa0PAu6eXC0d4DvNX7D+DMBxZWd+0GY6kpJTPyrmPLWmjorG8itMxjDG+McTdSm4tLa1tyYLiyAY8pXJqSPZ7iTzrjqri2caSffbUrMPhBH41t7HA/D9ooqRZNzvKyVfmaZYo42t32OxTKU6ENpECm+bWkaIeO/bK52Y8JoGINtXSS8SoDPG9ahxlwBbXTDTTLZa5KAkFVQ/CWGPs4mwtSY12E1sVzboWy3MqIA1PKsTlJu0beCikjlnHuxK7fWp5m0ublsf9m1ctiOUwoT+NV7DuxFFvfJWcFxRbgMTKI9JmPxrqjFnH8MHfBhwtfxJSabWnFlsSHB41TrA2rTHNNIzvxozfRTuzvsbbsiH7qxXZoIgNG5UpR9QP3q2cX8NWysGcZQyllAg5T5etWG24ttAjOsFJ+A/Wo29xu3xy4LBVCFnIQNKyTlJy5FrhGEeJWcHwjE2boqub4O2C2QWAlZKUDptUu21bpUrPdyR/DJ/SprErC24ewRnDS+i4WklQJ95APIgHzqAFy2g6lAj+Q/vXd8BtwbZ5v/ABDisiodJxGytEpzFxZEka70szxM3sLdUDZSVSPyqON8kH7NW/PIP1pMXiidC4oc4UBP4V1KOV2SDmIqedJbt0Jnokz5bV4W9xcESpWU8gIimrNy4CMiXDPRajPypYNuq1LJM/xAmKlBJFm1DKNUEHqs0uLoMQCtsfEfvTJtu45W500PgAinTbFwCPs1AjbwpFGtgTA7xpSu8U4VDohKR+Ipzb3rYgJbWogabn8hSqGbpWpbXJ5FaacN2j6lEFpQPOVCikQTTihQkhLaweRDSv2pDJ3jhUW3nDEySAPkdafCxUZ8KE85KqOjC0LWme7MUa9jaI8rVEJZSmOZUKVaWtRKVLSkcwNafrwxo5QVNzOkV42KERKkxQSFdDB60afAFxcLgbJToKVabsrcfZhQPnJp4LRiP7QE9BXvZGIOZenlM0UiWhJu5yjwsEg7Sda8q6fJ1bCfKZpwhq3IEKUo7gSdKFbFslIJSo/A0rRBDvH5gpBnpS6VOAf2aSenWvKt7WdGlkdYiaEtMAEJZcJ6SZpXEggpS1LI7lObnrSFxbPOnVKPgIp4oNAAlp0R570HeoKSk26yfMxUolkcrC1DeIHnRkYcEbJA8zTlSkTmUyoHoDRXHGcsdy4detSiP9DR22zoUmUI03mCKbHDWmUyXEk8yNqVcdYSY7hRnmVU3cWyoQhlUHQmaFAbE1WFulOZT6BOnUmo+8t7JEjOpUfwiJp48Gs39ir4GmD6m0pM2680xprU6Ahiq+tW5yMq0/iUdfzqNv7xp1JUEhCk9OX708eU0nRTDifOaQW9bhIBtlyedBq0N2cyfSQw0MX9hcpKi24CMx671iC1ZlydPOurvpA8OjHODVXFsw53lk530gcoIP5zXJzmbMCPFVUVRrTbiKJWIhXM6UgpBCyoAjlIo2aSJ0I5UZJlWWImmBd6ZM4NcynKBmO0VZbO2D5AUnTnFUmxWlh1JKfDtqNRV2wm6C/FmUdefM1izQXZrwy0PE8NC4cAS2AeRiSalrXs7uHcq0hKRMbfrTrC75tsAkBUb/0q54bjBdZCWUpTyk9OciudLJNaTNqgr0RODdlF04SXnQsZQoFJjX4irvhnAzeHJyiFQP8Af41I2WLtssJQlAkD7sCKcuYu2ElaVpKugOtZck5ejSsdaIi44fWlwgBPx/4V6lnMeDiicilRpIr1VVP7H/udU21/EAwPUampK2xFSI8WWs6axoq0mPjtTy3xrmCT5mt/7OVfo062xUiJWSeoqRtcWg+8T0k1nmEvXd8sBtJ9TtV3wjDG7RIdu3EylMkchQdBVlmtLtxcbkddqXcxRKPDm161UcR4zbT9laCSeZFJ2b1zd5XV6AnYmil+gtmB/S84MS7fWePMskhwdy64nYHlPxrk5VmrCn1JUn7VeuYbH0r6eYjgNnxLYO4ffMJu2HhlUhQmsi4i/wCT8tcdaVfYJxEvCk5StNre25eHwUFJI+INauSnFKTp/sMfx9HFFpjAtHtcx2mKvWB8XwAIgDYzmM1R+OuFrrg3ifEcEvVJ9os3S2pTYgK8xPI0y4fvwh0trVlUD7pMVXlxcdM2YMvo1p/i9TqYKjAEnzqjPdpt/geIPFuyLwKtAnTT41G4vxP9WrIWgoSBJWQINQn+Hlg64Ai0W+5MDMj3vhVcYa2rNnyWqi6ZqXCX0iPq59JvbXuP89IM/KtEe7f7R6x7xKUrVGwG+nLSufLddxiipRgFuVLHvXHdiP1q2YBwrjw+1S7hOGpRJBJkAekTSvDF76/uXxU2vyNTwDtF4k4zfVbMtJsLFXvPvqGaP5UnekcawS4tnjcW113hT7wcQEqJ+FUK7b4nw1SfY+J7O9nZppgQPKatWF4RxVilm2cSuGE5VZkqbJBA+VJOKirtFjbRJNi9dYAGcgjSdamMBUrCnUOqhbqVZx3gkekU2avEWKEsqWFqbEEzzo1hdqv79SgoZUjYmKowr5J1WjD5OXjHkWS4v0Xl0u5cSgLc1ICYT8przd1bjVTbI6wkUyCAAYAMdCZo6klUApB5kzJr1EYqCSR5LJJzlyY89vt21giE/wAyUij/AFu0CnMpZ6QkT86Yd3lMhKPVQpNIXuAgRpokn9atTF6JdvFGVmMy0+aVRTtOIs6GXVR1VM1BW6l7EpneIp0grUSQsJ8gKbTBVEynEGFDNkc9J3p41fswCLc/jUGiUme8Inypy2kAf2q56FRplX2L7J5rEmjp7P6TTpm+QYJs/wDSMj8qr7cJHiUVHca0q2EiCVmRyBNEBPovkZ/7BsA/yil/b05NGkz1ioBLiJAzrURzFK94CmASPPeoEnReZkpUWkaczyoyb3KUjI3pvAqD72CIUpOvWjJUI95ZnzqERPHEwIGVOnSaEYlJ2SR5/wDGoLvUxBBMc+dHS6gp1QoemtAl2S5vTpMfKaKnEg2FJKgD1AFRZdTEBKvjpRcqei584qbD0SZxQSAojL6UH1olXuqgx0qOHdk7KHwmk3AAojKfiKWgJpkivEwDvmJ5hIoi8T7yAZimGaE+7pRCvXRJA8hQ6Jdj44ghO5k8hRHcUbG4TTHNzUCfSkF3TCSAToalgHy8RYzBKkpUDrttXhiDOY6pkagaVFreYy5kpKj1NIS0euus0CUiRcvbfPqlPxpjdYo0ZISgwecGKRUWDIzH401dQxOpIkbCpaYa0EevW1yShJSdwQIpou/YWSTCfUATRn2bbMZJA5gmajVMMhJiZHIDeh2BHsVXb31o/auhJadSUK0mQa4t7VeBXeC8edSlCxZOKJaXEgia7MdtmBrnJ61VuL+EMN4vwx2zu0hSFoISQnVJ5EVXLTtF0HWjiLOEEAQetGUsASNRUxxVwvc8M4pc2LyT9mo5Vn7yeRqvhyCZ/wCFG/Za6Y6Q7oCYjmamMLxX2V5IzFxPmTVdW4ZEkR1FebfUnaklBSRYp8ejU7C9SQlSTOYAxNWHDMUUk6eFJ2STpWX4BjSmcqDo2NN9BVut71Fw2FBwnyB2rm5cfE3Y8lrTNEs8b8IBdKVDTIOQ60/axXMpWpI2ms9tr3KpQKiQNRAipFjFSheYqCj1GtYHH9mtTfdl3CO/lYEzzivVWW+ImwgAlQjoJFeqviW2vs60s8OubhXhbKYOpgVY8P4fWCMyZMTMU7s7Z7MAER1FS6UPNtmBljz1q+7Ryx1hlt7KnKkhJ2IAmhvW76+UGQVrb1gqMD0qOtsT9ndl8gCddatGHY5hz6UEOoKuYnY0L4hT5DTB+FlqUlavEYq4Yfws68QAlI6EyNKYjimys0jItpXVQUKicR7VE2xDduJVrJB51OcpjrijTsNwKwwhvv7x1uE8iQE/jRMU7QbAoNvYuoeV7oDewrHbdeKcavhV5eOW9mdYSYKtelXjAOB8NwpaXmSpwAfe3nrS6X8nsZP6Rx99MzsmvrDE2uM2bcmzuobuClOiFcia5TTe+zr75KRIIVI3r688dHCsc4efwrEmG7y1uE5FsrEiNq+bP0luyCw7JOJGvqq6U9ht8FLabXBLJESmeY1/CuhCS8iHF6kv+RFN43+inuYhY43ZJLjQU6nkdvWmwwBtTSi0mDvA2qrWmJC3eCyonl4f2q74PirD4C0OZVj7pOhrHTxnUxzUtvsi2bTELcqQ0248kbAmPzqfwJOL3byAixUhHMrXIFS1pidvZupe7pABPiUATVpseO7O0CICUk6BcbHrr8aWWXXRtg6/6h/wphdxhig7cW/cuEzmCYB+NW+6x8W1ksqVlciE1Rn+0K0yZ3nkzqEwd/SKp+OcfKv3VttuKLY91OxJ9axtSm9j5MijFlmvcdBfgOAqWqT1+VWjhPGcJVntU36fb5+0ZV4VT5dfhWXcPtLvrpDz05QCUozedU/ifF20cdXDtospKEgKcSSDnFdDw6+TjE895rbhZ1MHUASHSADGxo3tCIBzk9KzTs17SbbiGyFniN4hGKNHIM5y94OvrWgOFMj7aVE85ru2rpnEpjwvNqQAXDpy3pRHd6fbCd6YSlZADsAaGVGjBoJIh1SwN/FTJonskkONxJVPnrSyA1vnj+WTUehOeCFL02GYUuhudUqcnkMw/eigUSQU2QPFHnNLtOtFICSn/SJqOyOAwS7I2BIpdK1kgHvOkhIp7A2iVQ4mdTp0mlQ+0U6qAO0zUWgLEA96R1Ag0qNBGZw/AU1g7JNsIB99J8s0UsFNJP8AaBJHRUj8qiWjCtXCPKIpRLwA1eMnlkFHYCVDqI/tRp50IeaB0dSr4mosupVJQ9KuYy/rRkOCZ7xJI5ZTRCSZcb0IWN9jNAh1EEh1I+NNGzKjmcCZOk6UV0jvBC0wOhmk/RESAKNy+nXbXWjxpIdHwIqOPiTsDHQ0WfDq2Ry32oWElUkwCVH50VZKjJWqfhUZ4EoASkjyBNeMKkZ3BA08UVBSTKVgaOH40itagR41+gFMFKze64sTvmVJpIOuJXHfrUBsDFDYw7XcOCD3pPqDSS7tSgqXgSKQXcOIj7RSfUSKKq/dChmczAUpBTv85H2iST0E0RxU6d4kxvpvSSsTA3Smk/rFpe7aFHrQFAWqNloEfza03ebIIlQ2mZpVVyyZ+xSfOmj9zbLBztDTmKgdDO4tlJM59FSZBqNfQs6JWdOc0/uHrRQjuyQByUdKYr9mUonuzB/mP70tsO0MXFOJBh1Wmu9NlurQlJzKUDzKtadut2ym1K7tRPXOdPxpg4q3ShQLa1DfQmlewFB7SOB2OI7f2sM97ctAkydSmNfjXMWN2K8OvnWCn3VGFcyJ0rs+4ft1IOVoyBuVGsC7X+GWXL9L1ozlKpUoiJ1iq4upUaISMciVenwrxCUGdzsaMtBE6CQYJBpNWojYjnVz2M9Czd2kICDKVZpChyqw4XjzTLgaW8VJ5KIgGqqrw6bkedBmjXbnSSheh4zZqDd8XspQoHXrTtF2oyJBy76Vm2HY47ZEBQK07STqBVqw/G0XKSpDoJHL9652TC49LRux5E9MsHflWsx5AV6mbDramwSQfiRXqqqP0P8A+R9GrzjW1sUE95JGpKdfnVcvu0plasrThUTrmCdIqgs8HcR4ijO82rKf5tDU3h3ZXijxQHUlOYa5ZJqrijLaXYe544VcLIC4PQJNBbcQ4ipw+ztrSDuSCYq04V2QuWwCykk7ARE1dsJ7ORatpUW0kwD5j51HQYpPozyxtsYxNae8cXkVvodvlV64c4JU0Q5ckrIOgPPoauFvg7Fi2CQnMP4TtSF9jLNokgEBQ5Gkcr6LKpjxu2LaAQsICddDFPX+KTY2hSFZilMAjXWqNecSreUpIVp0FYp9ID6TNn2XYacLsEIvuI30yhClShgfxLjn0FNDE8j4pWBz47NA7Q+0qwwO2cxDiHG7fCrQbd8sSrySkaqPoK457eO3jB+1W4tbHBra49jw8nLd3MIU9OmieQ56n5VhXF/GWL8ZYs7iWM37l7dOT4nFSEjoBsB5CmOEFQcJJgR866kcCxq72UKbboni4ZBCjNLN4m/bqB6a6CmyBKTBFGUCDtyrO+zYm1tEqjiW4ICMy9RAI3NCzi12459mVCeRMa1FJWRGoAjWacN3Kkp8JAMzJqnil0i2OSVdk7aIu39XHigDofOp3B7LvLhIJzFRHiVyqsWN25cKQ2hRUokDwj8KvuDWv1fZl5wBK8uYqV90RWfJJrRZC5K2x7xJj7XBfDqikzcuJCEpB3XH9DWS4Q+tPfXLxzuLOYqNLcU465xPi5UFlNo0YbGuvU0m20GWCkbeRmur4eB443LtnM8rLzdLoUwm89mxRLiPCkq1KdN60i2xni7HLhtvDbvELlttM93aIUtQSOoSJ+dZthrfevyUpCBuTzrVOwTiVGB9o9mwXSi0u1dyszEztXS42+jnbT0I3WN8ZWLxaL2ItOHQIfZcB+RE1IYLj/G7l623dXotGlmC9fNZUp8oImus8bat7cpQ7qwTBJk1TOOOzpjHMNSq0UFr/lGh18qesb9A5MiMEwHHbhpC0Yrg9+g7qaC0k/KQPlVntOFLspzPXLDWniCUqX/s1i7SOIOzfE0uJDgtkrhaPuKTPSthw3jNN7YtPRlCxJTG1JJcNUNpkqxwi5dgotn0KcjRJSUA/GTFSzPZJxAbMOJVZl2J7tm5KvhqkUwseIVWdi/dtjMoJOXTnUjww2+lQvMQv33LteuRs5Uo8tN6K2hGipX1tiWC3are7acYeBjKr/fUULV4+TBcIVyFbM9iVhilmbbEG03jR5PCSk9QdxVWxzgJruvaMHcL6NzbOKlX91XP40dMl0U1p59W6o+NLOXS2EQPtFHkNYpIZ21HM22kp0IWNj50cKUVKBeQn0H5UN2FMIzcvuE5rcEzzEVIJUhSCVMQehiotReCpD0cpBNeU46QCXCo85FCmLZK96ACEp7oeapppc3sL0QHRtIFNUlalRmUnpoKKWtCFuunl78UpL1ofpeStKYQUk8wSKTubhDKfA4VH9KaKabicmc8iTNBoAAG0IHpRog4ZxB0EeEqSdjFOhiJVrkj4VHFxak6qA6Aa0KHXE6qUPQDapQeiTTeo0OqT0oFXqN1DbnGpqOVcE6klR9BSKrlzMII9AJoAJY3qFTmbzTsabLumZ0bgA7mYpgu4dI8SwOg2ps+86SJeIjkDpQ2Eevht0giR6EwaR7vKdHck9RTB15xKUgOT8KSK3ViSvU7SKUA/eeU1uW3QPvIEGKYP4pbBJSpa21ToOVNXmVuKJU95lI0pJbEEaiDvFBqxv6i79y2UgJfCgeoIps4tc6OpIPlSbjcJXqnfSKZvpOwUDStMNizjixmHeJjoTTZRUR4VJJ6TTd0wPfg67CKbOrKCkEqV5AUpP6HrvvWASrJ5EqrP+PLxq3w+6Lzs3cENpREqP7RVkxfHMmdprMpaNVrJEIHn51mvE3FNlZ96i1Z9rvCIU+4JCTrrNVv7RbFWY3iVuthZUpOQKO0Ab/Go4wNfxqdxh1dzcLddUHXVGVKyz8qhnWjnOhq2HRYJmPe3B86ITynTypTKqSIOtFykaGm62TYXcSDFGQ8pogoUUkfwmi6qB019KKkRrEfChX2TfZJJxt1CQFQo9SIr1RxQV6/rXqThEt5n2JtMRsWQMrpVlG8QPzqQVxjh1qACnORzA51nFvqmeeWnASCyDAma4fGyJ/ZoSe0K2SgpbSZG0p/rTC77RFpByDcmBrPx1qitD7UetOrsAEQKPBXTHcndIkbzjK6ulzmUNToBEfKoxzErp5U6iNdqbsn7YDlNZB9J7GcQwjhQGxvrmyK5CvZ3lN5h0MEU7iloVSbLn2idtGE9nmEXb15iNob9DZLVl3oLyl8vCNd+tfP3ijH7zibFrvFb95T11dLLiio7eXw2pjduLev31uLUtZUZUoyd6BPiZE6+tdjDiWGOvZmlLk/6DJllVytIAJ5yKl2bJbLYBVpyJr2FpAzmBodKmMoVmkAxG/rSZZO6NmOK48huyhR0ABEchSimlDlr0qTtkj2aYElQ1o7iEhWiRz5VkluVFsd9kQGXFEaa0o3auvKhKDA0qdbSAlswJ01qQw5Cc6tB73SqpT4l6jckh3wTw4HbtpxwJEEGT8epqW7WsZteGsAYw63UF3dyZVl5JB1mpnhj7w5VkHai6tfGF1mWpUJAEmY3qjx182dcvQ/kyeLDoC1fscSbT3rCmFq0KmjEecQakrewsVhSRduJAA9+NPyqhqdWlsQtQ8PI02afcceUVuLUTPvKJr0VtaPPVezSLm0atmSUXKMh0JJg/1oMHvkWWOWTrL6VLbcSrwSTM8oqm4L43nQrxDLz16VsPYykN400UgJJKgSBH3auh+wHZ2HvM49w5aOPEgXDCFGTCgY/eoo4fiViVC3cC2fIz+dOMIdWu1bzLUrQbmamU6KgaCakUhW62UTie1dxLCnmrpCXJHIwR51WsHZDds20jQoEQa0zFUhQckA6c6pFwlKL50JASAswAIo8U0FMn7d5VvYNokkeetPrO7dKCQYA5TUXck5U609t9GlxpSUKSjOKL5rEjppVgwXFVIQXFrIA0GulUhj3Aec1MtE9wvU+6KegKVkxj+Dox9Ju7c5bpGikjZwfvVPCGG3ClefOCQUlBmaumCqOdIk1m/bDdPWfEzHs7zjGdoKV3aimTpqYqS0rGirZKj2ciQVAdcsGjgsmD4o56Vk9tjOIKCib65JncvK/enbWL35Ch7bcR/5qv3rL8uui3hbqzTVPsExkX8qMlbUasKnmYAis6t8UvTvePmI/wC1V+9O2sVvTP8Allx/7qv3qfL+hXCi9S3pLaiegiKBQQnMQyQDzKqpwxS87hB9rfk/+Ir96c22JXcp/wAqe/8AcP70eerK2ukWYtJ0hsmdZmiqOTQMq8zm/SoZu+uS2k+0OzJ1zmiv39yLnKLh0JnbOYofL+gpEu5cZfALY67qJpIvAAAsHzIVNRa7t/vF/bOb/wARry7t8NiHnB4T940Pkv0R6Y/LglMW4AjYnWkVOhK4FtmHmqajheXGU/buaR989KSVcvFSlF1ZUZk5jNHmN2Si3ELSD7PBHKkg+jMMyFJnlMiodN2+GxDzgnfxGlLq6eShEPOCd4UetK5koePLZUY7nWZ86RceaAjuSPMGmjj7gYJDigZGuY0kX3CG5cUdR94+dVPL+iIcOOMo07s01euWkqSUIJJ5HSaBx9wpBLizrzUaZl9z2kjvFR0zGpGdqxWeurttCjnbJSemtVbiXjBiyT3DAIdV94cvnUviDziULIWoEJOoPnWS8VurLiAVqIUtUid6rlkbaRbGPoSxfiJ66KmkJhGyhM7+fWqVjFrevOKyW6mmtsx5+lP0OKTdwFEAODY1M46859XXKu8VKUmDJ0qxaVjptaM0ubFxKodVHODpTFbDaU6CVTU0slSFEmSUEyetMkgFeomUfrV3SLXGo2iMcQGYIOpOwpIoCzOXL6U7yjOowJoFCGPjRQgwU3pIMCYPSikK8RIMU5Z1zA7TtSbxOY0Rq1Y3CsoA1PoK9Rlb16nULIpH/9k=","2022-05-29 18:48:11");
INSERT INTO users VALUES("106","Secretary","6ccb4b7c39a6e77f76ecfa935a855c6c46ad5611","staff","04102024171550345872060_193689193138519_5383359513124794766_n(1).jpg","2024-10-04 23:15:50");
INSERT INTO users VALUES("107","Kalan","274273cb1f8a4834241b5f5c39513d6e502ff63d","user","20241009121932172840437267055b94a7c74.png","2024-10-09 00:19:32");
INSERT INTO users VALUES("108","Clerk","6ccb4b7c39a6e77f76ecfa935a855c6c46ad5611","staff","14102024045838person.png","2024-10-14 10:58:38");

